date,power_price,volume_mwh,gas_price
2017-01-03,34.39,36000.0,3.41
2017-01-04,38.59,41600.0,3.42
2017-01-05,45.24,56000.0,3.42
2017-01-06,50.89,100000.0,3.38
2017-01-09,40.17,60800.0,3.14
2017-01-10,30.75,20000.0,3.21
2017-01-11,27.08,20800.0,3.27
2017-01-12,31.66,24000.0,3.36
2017-01-13,33.43,15200.0,3.36
2017-01-16,31.2,8800.0,3.36
2017-01-17,32.45,15200.0,3.37
2017-01-18,32.67,22400.0,3.26
2017-01-19,32.5,37600.0,3.25
2017-01-20,35.26,44800.0,3.23
2017-01-23,30.31,11200.0,3.16
2017-01-24,28.59,10400.0,3.16
2017-01-25,28.57,26400.0,3.26
2017-01-26,31.53,24800.0,3.44
2017-01-27,38.26,21600.0,3.31
2017-01-30,30.27,55200.0,3.22
2017-01-31,27.51,48000.0,3.0
2017-02-01,30.48,48000.0,3.15
2017-02-02,32.86,20000.0,3.13
2017-02-03,28.42,24000.0,3.13
2017-02-06,26.11,32000.0,2.92
2017-02-07,26.95,48000.0,3.03
2017-02-08,36.84,60800.0,3.05
2017-02-09,37.03,35200.0,3.11
2017-02-10,28.7,28000.0,3.11
2017-02-13,30.27,60000.0,2.93
2017-02-14,30.08,36800.0,2.85
2017-02-15,32.87,37600.0,2.95
2017-02-16,28.93,40000.0,2.88
2017-02-17,25.67,13600.0,2.75
2017-02-20,29.04,31200.0,2.75
2017-02-21,26.95,15200.0,2.56
2017-02-22,25.33,31200.0,2.52
2017-02-23,25.48,36800.0,2.63
2017-02-24,28.68,34400.0,2.63
2017-02-27,26.75,28800.0,2.44
2017-02-28,25.62,66400.0,2.54
2017-03-01,28.66,32800.0,2.54
2017-03-02,33.74,37600.0,2.59
2017-03-03,30.62,16800.0,2.5
2017-03-06,27.06,36800.0,2.68
2017-03-07,26.14,45600.0,2.68
2017-03-08,27.61,36800.0,2.59
2017-03-09,33.24,26400.0,2.83
2017-03-10,43.65,64800.0,2.98
2017-03-13,49.84,78400.0,3.04
2017-03-14,56.55,42400.0,3.02
2017-03-15,45.65,16800.0,3.02
2017-03-16,33.76,41600.0,2.84
2017-03-17,31.92,15200.0,2.85
2017-03-20,31.28,36000.0,2.93
2017-03-21,38.23,35200.0,3.09
2017-03-22,36.94,32000.0,3.02
2017-03-23,30.1,24800.0,2.93
2017-03-24,29.53,7200.0,2.97
2017-03-27,31.43,15200.0,2.94
2017-03-28,31.2,62400.0,2.95
2017-03-29,32.15,19200.0,3.03
2017-03-30,34.54,31200.0,3.08
2017-03-31,33.51,11200.0,3.13
2017-04-03,34.72,34400.0,3.13
2017-04-04,32.42,35200.0,3.06
2017-04-05,34.94,26400.0,3.22
2017-04-06,37.18,36000.0,3.23
2017-04-07,36.22,23200.0,3.23
2017-04-10,36.6,38400.0,3.15
2017-04-11,33.04,20800.0,3.11
2017-04-12,32.12,16000.0,2.97
2017-04-13,28.32,16800.0,3.0
2017-04-17,32.59,31200.0,3.09
2017-04-18,32.34,36000.0,3.11
2017-04-19,37.2,24000.0,3.11
2017-04-20,35.48,13600.0,3.13
2017-04-21,33.38,16800.0,3.06
2017-04-24,32.63,18400.0,3.06
2017-04-25,32.4,12800.0,2.99
2017-04-26,36.61,21600.0,3.06
2017-04-27,36.81,12800.0,3.13
2017-04-28,36.29,20000.0,3.2
2017-05-01,30.28,22400.0,3.2
2017-05-02,29.76,16800.0,3.13
2017-05-03,30.47,21600.0,3.14
2017-05-04,29.4,32800.0,3.11
2017-05-05,32.54,16800.0,3.1
2017-05-08,34.23,26400.0,3.06
2017-05-09,33.79,33600.0,3.03
2017-05-10,35.33,31200.0,3.03
2017-05-11,33.8,40800.0,3.23
2017-05-12,33.39,39200.0,3.24
2017-05-15,36.95,68800.0,3.26
2017-05-16,48.07,64000.0,3.27
2017-05-17,63.69,59200.0,3.27
2017-05-18,42.61,36800.0,3.13
2017-05-19,33.3,24800.0,3.11
2017-05-22,31.15,21600.0,3.24
2017-05-23,29.43,12800.0,3.22
2017-05-24,29.54,12800.0,3.22
2017-05-26,32.8,10400.0,3.1
2017-05-30,28.86,40000.0,3.1
2017-05-31,28.18,40000.0,3.05
2017-06-01,27.97,60800.0,3.05
2017-06-02,30.5,26400.0,2.85
2017-06-05,27.31,28000.0,2.92
2017-06-06,24.03,15200.0,2.92
2017-06-07,24.75,5600.0,3.06
2017-06-08,27.46,22400.0,2.98
2017-06-09,53.59,56800.0,3.03
2017-06-12,45.43,44000.0,3.12
2017-06-13,36.56,19200.0,3.12
2017-06-14,28.91,10400.0,2.95
2017-06-15,30.3,48800.0,2.94
2017-06-16,31.37,28000.0,3.01
2017-06-19,31.92,12000.0,2.87
2017-06-20,29.23,32800.0,2.91
2017-06-21,35.51,48800.0,2.91
2017-06-22,32.16,41600.0,2.88
2017-06-23,26.93,9600.0,2.89
2017-06-26,24.63,20800.0,2.98
2017-06-27,25.91,27200.0,2.99
2017-06-28,31.19,21600.0,3.03
2017-06-29,35.05,31200.0,3.07
2017-06-30,32.03,28000.0,2.98
2017-07-03,33.5,3200.0,2.98
2017-07-05,30.76,72000.0,2.98
2017-07-06,31.76,47200.0,2.89
2017-07-07,33.22,37600.0,2.91
2017-07-10,37.29,52800.0,2.92
2017-07-11,43.21,52800.0,2.98
2017-07-12,42.18,58400.0,3.01
2017-07-13,32.5,40800.0,2.96
2017-07-14,31.69,18400.0,2.94
2017-07-17,36.1,32800.0,3.04
2017-07-18,43.77,30400.0,3.11
2017-07-19,53.05,34400.0,3.11
2017-07-20,45.21,26400.0,3.12
2017-07-21,34.6,20800.0,3.06
2017-07-24,28.97,20000.0,2.99
2017-07-25,30.41,28800.0,2.99
2017-07-26,30.94,7200.0,2.92
2017-07-27,30.0,45600.0,2.95
2017-07-28,31.51,43200.0,2.96
2017-07-31,35.21,12000.0,2.87
2017-08-01,36.44,37600.0,2.8
2017-08-02,34.76,16000.0,2.8
2017-08-03,30.52,33600.0,2.76
2017-08-04,28.86,8000.0,2.76
2017-08-07,27.5,800.0,2.8
2017-08-08,28.61,5600.0,2.81
2017-08-09,30.98,30400.0,2.81
2017-08-10,29.56,16800.0,2.89
2017-08-11,29.2,4000.0,2.96
2017-08-14,32.92,38400.0,3.02
2017-08-15,37.74,29600.0,2.96
2017-08-16,36.6,20000.0,2.94
2017-08-17,34.91,38400.0,2.91
2017-08-18,39.18,14400.0,2.9
2017-08-21,42.8,17600.0,3.0
2017-08-22,31.21,30400.0,3.0
2017-08-23,26.51,18400.0,2.94
2017-08-24,25.92,8000.0,2.97
2017-08-25,27.23,7200.0,2.93
2017-08-28,26.86,8000.0,2.95
2017-08-29,27.41,16000.0,2.95
2017-08-30,29.35,13600.0,2.95
2017-08-31,24.15,18400.0,2.92
2017-09-01,32.33,20800.0,2.88
2017-09-05,25.16,11200.0,2.88
2017-09-06,23.95,16000.0,2.98
2017-09-07,22.7,40800.0,2.92
2017-09-08,26.08,20000.0,2.88
2017-09-11,30.15,30400.0,2.88
2017-09-12,32.29,37600.0,2.88
2017-09-13,34.07,23200.0,3.02
2017-09-14,35.12,18400.0,3.03
2017-09-15,35.84,36800.0,3.0
2017-09-18,36.22,48000.0,3.11
2017-09-19,44.4,31200.0,3.18
2017-09-20,51.44,31200.0,3.13
2017-09-21,53.24,61600.0,3.11
2017-09-22,68.98,35200.0,2.93
2017-09-25,49.01,31200.0,2.96
2017-09-26,38.76,49600.0,2.96
2017-09-27,32.7,16000.0,2.98
2017-09-28,27.49,28800.0,2.96
2017-09-29,30.14,19200.0,2.94
2017-10-02,31.98,24800.0,2.94
2017-10-03,35.14,23200.0,2.73
2017-10-04,39.22,36800.0,2.8
2017-10-05,38.43,20800.0,2.8
2017-10-06,47.53,42400.0,2.93
2017-10-09,50.16,41600.0,2.87
2017-10-10,37.11,40800.0,2.89
2017-10-11,31.35,9600.0,2.89
2017-10-12,29.2,27200.0,2.95
2017-10-13,30.23,9600.0,2.99
2017-10-16,31.89,28800.0,2.87
2017-10-17,30.28,27200.0,2.88
2017-10-18,28.66,44800.0,2.81
2017-10-19,27.09,16800.0,2.83
2017-10-20,30.44,22400.0,2.8
2017-10-23,31.02,24800.0,2.95
2017-10-24,31.14,8800.0,2.95
2017-10-25,30.36,22400.0,2.98
2017-10-26,28.0,1600.0,2.91
2017-10-27,33.53,8000.0,2.78
2017-10-30,32.63,22400.0,2.94
2017-10-31,33.5,8800.0,2.84
2017-11-01,30.14,18400.0,2.68
2017-11-02,29.77,69600.0,2.68
2017-11-03,34.16,44000.0,2.75
2017-11-06,35.3,40000.0,3.01
2017-11-07,44.64,47200.0,3.07
2017-11-08,51.13,67200.0,3.16
2017-11-09,58.28,65600.0,3.18
2017-11-10,40.87,17600.0,3.17
2017-11-13,40.39,16000.0,3.13
2017-11-14,34.11,39200.0,3.06
2017-11-15,32.95,33600.0,3.16
2017-11-16,31.25,26400.0,3.09
2017-11-17,34.17,33600.0,3.04
2017-11-20,27.8,28800.0,3.04
2017-11-21,28.0,20800.0,3.05
2017-11-22,24.63,12000.0,3.05
2017-11-24,30.08,12000.0,3.05
2017-11-27,27.57,19200.0,2.88
2017-11-28,28.17,16800.0,2.88
2017-11-29,28.75,1600.0,3.06
2017-11-30,27.53,11200.0,3.06
2017-12-01,28.21,32800.0,2.84
2017-12-04,28.78,49600.0,2.91
2017-12-05,30.2,35200.0,2.86
2017-12-06,37.44,34400.0,2.86
2017-12-07,36.97,85600.0,2.81
2017-12-08,40.28,48000.0,2.78
2017-12-11,39.38,123200.0,2.81
2017-12-12,47.76,32000.0,2.87
2017-12-13,40.9,34400.0,2.87
2017-12-14,38.52,32800.0,2.69
2017-12-15,29.73,19200.0,2.6
2017-12-18,27.32,18400.0,2.71
2017-12-19,28.79,8800.0,2.75
2017-12-20,32.29,11200.0,2.72
2017-12-21,25.69,33600.0,2.64
2017-12-22,34.22,40800.0,2.63
2017-12-26,68.85,49600.0,2.68
2017-12-27,125.29,35200.0,2.76
2017-12-28,104.69,31200.0,2.97
2017-12-29,186.89,28800.0,3.69
2018-01-03,172.81,40000.0,6.24
2018-01-04,366.91,61600.0,4.65
2018-01-09,36.31,64000.0,2.93
2018-01-10,29.31,17600.0,3.16
2018-01-11,29.93,36000.0,3.16
2018-01-12,82.65,73600.0,4.06
2018-01-16,107.95,44800.0,5.46
2018-01-17,64.23,40800.0,3.92
2018-01-18,39.14,31200.0,3.92
2018-01-19,30.16,32800.0,3.2
2018-01-22,26.28,29600.0,3.13
2018-01-23,32.5,15200.0,3.35
2018-01-24,40.31,28800.0,3.54
2018-01-25,33.2,54400.0,3.54
2018-01-26,31.42,19200.0,3.58
2018-01-29,46.65,20000.0,3.6
2018-01-30,47.04,26400.0,3.6
2018-01-31,35.12,44800.0,3.34
2018-02-01,54.6,88800.0,3.06
2018-02-02,43.31,43200.0,2.91
2018-02-05,32.09,75200.0,2.85
2018-02-06,31.92,100800.0,2.75
2018-02-07,38.38,8000.0,2.74
2018-02-08,31.6,23200.0,2.74
2018-02-09,28.13,14400.0,2.66
2018-02-12,30.68,28800.0,2.6
2018-02-13,24.66,16000.0,2.58
2018-02-14,22.71,8800.0,2.53
2018-02-15,23.87,8000.0,2.49
2018-02-16,24.77,41600.0,2.49
2018-02-20,24.29,26400.0,2.61
2018-02-21,29.89,40000.0,2.65
2018-02-22,27.21,16000.0,2.65
2018-02-23,25.61,20000.0,2.58
2018-02-26,26.46,3200.0,2.6
2018-02-27,26.22,20000.0,2.59
2018-02-28,27.28,45600.0,2.66
2018-03-01,32.58,26400.0,2.67
2018-03-02,33.34,18400.0,2.67
2018-03-05,33.69,16800.0,2.7
2018-03-06,36.54,16800.0,2.7
2018-03-07,38.75,32800.0,2.8
2018-03-08,35.58,20000.0,2.8
2018-03-09,38.81,44000.0,2.71
2018-03-12,54.14,44000.0,2.78
2018-03-13,43.64,39200.0,2.76
2018-03-14,36.3,19200.0,2.69
2018-03-15,35.11,28800.0,2.7
2018-03-16,33.91,21600.0,2.62
2018-03-19,46.13,24800.0,2.62
2018-03-20,49.84,56000.0,2.71
2018-03-21,44.02,41600.0,2.74
2018-03-22,35.13,42400.0,2.62
2018-03-23,35.02,16800.0,2.58
2018-03-26,32.54,13600.0,2.63
2018-03-27,31.79,12000.0,2.6
2018-03-28,31.37,40000.0,2.64
2018-03-29,25.89,25600.0,2.81
2018-04-02,34.15,26400.0,2.75
2018-04-03,33.9,18400.0,2.75
2018-04-04,40.55,36800.0,2.81
2018-04-05,34.23,25600.0,2.81
2018-04-06,48.31,19200.0,2.81
2018-04-09,40.72,20800.0,2.78
2018-04-10,34.7,35200.0,2.78
2018-04-11,31.65,16000.0,2.74
2018-04-12,30.31,18400.0,2.76
2018-04-13,41.08,23200.0,2.82
2018-04-16,48.88,40000.0,2.88
2018-04-17,38.8,11200.0,2.84
2018-04-18,39.26,36800.0,2.85
2018-04-19,41.79,52800.0,2.8
2018-04-20,36.12,23200.0,2.78
2018-04-23,38.99,57600.0,2.78
2018-04-24,37.37,30400.0,2.79
2018-04-25,36.78,4000.0,2.81
2018-04-26,34.64,31200.0,2.81
2018-04-27,37.29,50400.0,2.82
2018-04-30,38.51,31200.0,2.75
2018-05-01,47.13,39200.0,2.75
2018-05-02,57.29,32000.0,2.77
2018-05-03,51.45,63200.0,2.75
2018-05-04,31.43,21600.0,2.75
2018-05-07,33.69,38400.0,2.74
2018-05-08,38.02,36000.0,2.77
2018-05-09,38.66,47200.0,2.75
2018-05-10,36.19,32000.0,2.78
2018-05-11,48.99,36000.0,2.75
2018-05-14,58.69,45600.0,2.84
2018-05-15,39.44,28000.0,2.83
2018-05-16,35.19,58400.0,2.85
2018-05-17,33.06,24000.0,2.75
2018-05-18,40.59,45600.0,2.75
2018-05-21,39.45,61600.0,2.77
2018-05-22,41.92,42400.0,2.76
2018-05-23,46.83,62400.0,2.89
2018-05-24,56.81,20000.0,2.88
2018-05-25,61.93,67200.0,2.88
2018-05-29,36.25,16800.0,2.84
2018-05-30,50.83,61600.0,2.83
2018-05-31,58.21,63200.0,2.94
2018-06-01,30.05,29600.0,2.91
2018-06-04,28.83,40000.0,2.89
2018-06-05,27.75,32000.0,2.89
2018-06-06,32.57,23200.0,2.89
2018-06-07,35.83,12000.0,3.02
2018-06-08,30.09,6400.0,2.91
2018-06-11,28.37,26400.0,3.0
2018-06-12,34.04,24000.0,2.98
2018-06-13,34.52,26400.0,2.98
2018-06-14,32.51,5600.0,2.99
2018-06-15,74.49,28800.0,3.02
2018-06-18,48.03,107200.0,2.99
2018-06-19,33.82,32000.0,2.95
2018-06-20,32.52,28000.0,2.96
2018-06-21,28.03,32000.0,3.08
2018-06-22,32.3,16000.0,2.95
2018-06-25,31.6,36800.0,2.96
2018-06-26,29.57,32000.0,2.98
2018-06-27,38.6,33600.0,3.01
2018-06-28,50.64,45600.0,2.99
2018-06-29,64.87,31200.0,2.96
2018-07-02,64.49,44000.0,2.9
2018-07-03,47.39,39200.0,2.9
2018-07-05,34.62,39200.0,2.91
2018-07-06,37.02,39200.0,2.91
2018-07-09,40.94,62400.0,2.9
2018-07-10,37.68,12000.0,2.9
2018-07-11,34.16,24000.0,2.89
2018-07-12,38.49,12800.0,2.89
2018-07-13,50.29,25600.0,2.86
2018-07-16,40.88,14400.0,2.76
2018-07-17,33.38,24800.0,2.81
2018-07-18,33.6,15200.0,2.8
2018-07-19,34.84,31200.0,2.75
2018-07-20,37.5,800.0,2.79
2018-07-23,35.93,30400.0,2.79
2018-07-24,37.52,43200.0,2.73
2018-07-25,41.38,32000.0,2.82
2018-07-26,37.32,18400.0,2.82
2018-07-27,68.34,32000.0,2.78
2018-07-30,33.13,30400.0,2.75
2018-07-31,36.59,22400.0,2.82
2018-08-01,39.15,23200.0,2.8
2018-08-02,35.16,26400.0,2.77
2018-08-03,48.44,21600.0,2.86
2018-08-06,46.16,20800.0,2.85
2018-08-07,41.16,27200.0,2.95
2018-08-08,39.0,8000.0,2.99
2018-08-09,37.98,17600.0,3.02
2018-08-10,35.73,16000.0,2.96
2018-08-13,37.13,29600.0,2.92
2018-08-14,38.67,8000.0,3.02
2018-08-15,39.77,8800.0,3.02
2018-08-16,40.3,14400.0,3.02
2018-08-17,35.04,6400.0,3.01
2018-08-20,32.54,13600.0,3.04
2018-08-21,33.07,24000.0,3.01
2018-08-22,29.86,7200.0,3.02
2018-08-23,28.66,20000.0,3.01
2018-08-24,46.07,21600.0,2.99
2018-08-27,54.3,20000.0,2.98
2018-08-28,48.26,23200.0,2.98
2018-08-29,40.88,16800.0,2.96
2018-08-30,33.19,9600.0,2.96
2018-08-31,52.78,22400.0,2.98
2018-09-04,52.84,28000.0,2.96
2018-09-05,43.3,15200.0,3.0
2018-09-06,34.94,27200.0,2.93
2018-09-07,32.6,25600.0,2.88
2018-09-10,36.03,8000.0,2.9
2018-09-11,36.73,40000.0,2.94
2018-09-12,39.63,31200.0,2.98
2018-09-13,45.15,61600.0,2.94
2018-09-14,41.05,32000.0,2.91
2018-09-17,48.42,58400.0,2.95
2018-09-18,47.32,15200.0,3.0
2018-09-19,50.13,12800.0,3.11
2018-09-20,47.71,39200.0,3.07
2018-09-21,36.04,56800.0,3.02
2018-09-24,37.88,19200.0,3.04
2018-09-25,43.19,14400.0,3.12
2018-09-26,30.92,18400.0,3.1
2018-09-27,29.75,19200.0,3.05
2018-09-28,39.41,11200.0,3.01
2018-10-01,42.97,20000.0,3.13
2018-10-02,42.81,22400.0,3.14
2018-10-03,42.95,24000.0,3.26
2018-10-04,32.88,6400.0,3.39
2018-10-05,46.72,28000.0,3.25
2018-10-08,53.48,21600.0,3.28
2018-10-09,47.3,23200.0,3.4
2018-10-10,36.5,11200.0,3.45
2018-10-11,30.28,22400.0,3.16
2018-10-12,32.1,20000.0,3.19
2018-10-15,35.1,11200.0,3.26
2018-10-16,31.11,25600.0,3.27
2018-10-17,35.36,27200.0,3.3
2018-10-18,32.01,3200.0,3.28
2018-10-19,38.18,14400.0,3.2
2018-10-22,35.0,24000.0,3.2
2018-10-23,39.02,20000.0,3.28
2018-10-24,42.08,19200.0,3.42
2018-10-25,40.33,32800.0,3.42
2018-10-26,40.07,12800.0,3.27
2018-10-29,36.8,53600.0,3.2
2018-10-30,33.26,25600.0,3.27
2018-10-31,34.56,31200.0,3.31
2018-11-01,33.53,34400.0,3.36
2018-11-02,37.28,20800.0,3.26
2018-11-05,36.45,25600.0,3.53
2018-11-06,36.16,7200.0,3.53
2018-11-07,40.03,18400.0,3.54
2018-11-08,45.92,47200.0,3.54
2018-11-09,47.25,12800.0,3.74
2018-11-12,43.95,22400.0,3.96
2018-11-13,50.41,4800.0,4.1
2018-11-14,62.25,12800.0,4.1
2018-11-15,44.53,24800.0,4.69
2018-11-16,44.35,4800.0,4.3
2018-11-19,39.29,28800.0,4.65
2018-11-20,41.05,12000.0,4.65
2018-11-21,44.1,34400.0,4.7
2018-11-26,44.78,21600.0,4.28
2018-11-27,47.76,18400.0,4.28
2018-11-28,44.34,9600.0,4.5
2018-11-29,38.82,13600.0,4.5
2018-11-30,37.72,28000.0,4.61
2018-12-03,44.79,21600.0,4.4
2018-12-04,53.98,9600.0,4.4
2018-12-05,50.67,4800.0,4.69
2018-12-06,44.03,31200.0,4.44
2018-12-07,48.12,25600.0,4.51
2018-12-10,48.93,10400.0,4.54
2018-12-11,42.43,24000.0,4.53
2018-12-12,37.45,16000.0,4.53
2018-12-13,34.91,10400.0,4.31
2018-12-14,37.6,8800.0,3.99
2018-12-17,40.09,20000.0,3.8
2018-12-18,36.56,12000.0,3.8
2018-12-19,35.73,23200.0,3.64
2018-12-20,30.12,14400.0,3.7
2018-12-21,28.12,4800.0,3.7
2018-12-26,31.01,8800.0,3.42
2018-12-27,25.2,13600.0,3.1
2018-12-28,26.96,15200.0,3.25
2019-01-02,28.95,21600.0,3.25
2019-01-03,26.16,23200.0,2.72
2019-01-04,30.45,23200.0,2.8
2019-01-07,24.89,24800.0,2.74
2019-01-08,31.03,39200.0,2.89
2019-01-09,36.06,67200.0,2.92
2019-01-10,40.57,48000.0,2.95
2019-01-11,36.46,48000.0,2.95
2019-01-14,36.59,28800.0,3.36
2019-01-15,31.78,12800.0,3.54
2019-01-16,35.38,13600.0,3.58
2019-01-17,32.27,19200.0,3.58
2019-01-18,98.64,57600.0,3.43
2019-01-22,31.32,32800.0,3.43
2019-01-23,29.67,27200.0,3.13
2019-01-24,38.81,31200.0,3.13
2019-01-25,31.76,27200.0,3.07
2019-01-28,35.29,40800.0,3.05
2019-01-29,70.75,84800.0,2.94
2019-01-30,93.18,97600.0,3.0
2019-01-31,46.87,111200.0,2.82
2019-02-01,26.55,13600.0,2.7
2019-02-04,24.16,19200.0,2.57
2019-02-05,25.54,24800.0,2.54
2019-02-06,22.58,22400.0,2.58
2019-02-07,26.4,10400.0,2.62
2019-02-08,30.76,5600.0,2.66
2019-02-11,29.98,28800.0,2.76
2019-02-12,27.92,27200.0,2.71
2019-02-13,25.98,21600.0,2.61
2019-02-14,24.14,7200.0,2.61
2019-02-15,29.43,14400.0,2.59
2019-02-19,35.22,29600.0,2.69
2019-02-20,26.39,11200.0,2.69
2019-02-21,27.12,22400.0,2.73
2019-02-22,30.42,6400.0,2.74
2019-02-25,35.48,20000.0,2.84
2019-02-26,31.74,19200.0,2.74
2019-02-27,31.98,21600.0,2.89
2019-02-28,33.56,43200.0,2.89
2019-03-01,42.68,27200.0,3.19
2019-03-04,48.88,36800.0,4.25
2019-03-05,45.53,34400.0,3.18
2019-03-06,37.68,20800.0,3.18
2019-03-07,34.36,79200.0,2.9
2019-03-08,31.46,6400.0,2.9
2019-03-11,32.61,41600.0,2.86
2019-03-12,33.06,28000.0,2.83
2019-03-13,27.27,10400.0,2.87
2019-03-14,25.07,17600.0,2.95
2019-03-18,34.5,4000.0,2.9
2019-03-19,32.13,9600.0,2.92
2019-03-20,32.68,23200.0,2.86
2019-03-21,33.53,29600.0,2.86
2019-03-22,33.9,6400.0,2.75
2019-03-25,33.94,16800.0,2.72
2019-03-26,31.96,4000.0,2.74
2019-03-27,27.12,12800.0,2.69
2019-03-28,25.51,14400.0,2.69
2019-03-29,34.25,3200.0,2.73
2019-04-01,31.11,22400.0,2.73
2019-04-02,28.35,8800.0,2.76
2019-04-03,28.44,12800.0,2.74
2019-04-04,31.28,8000.0,2.66
2019-04-05,34.03,12800.0,2.62
2019-04-08,34.93,12800.0,2.72
2019-04-09,29.6,32000.0,2.71
2019-04-10,27.57,13600.0,2.72
2019-04-11,26.89,12800.0,2.72
2019-04-12,31.05,8000.0,2.75
2019-04-15,29.89,20000.0,2.75
2019-04-16,27.05,19200.0,2.66
2019-04-17,30.61,14400.0,2.55
2019-04-18,25.93,10400.0,2.54
2019-04-22,29.27,15200.0,2.61
2019-04-23,30.19,8800.0,2.53
2019-04-24,27.93,15200.0,2.53
2019-04-25,27.25,10400.0,2.54
2019-04-26,28.41,5600.0,2.58
2019-04-29,32.65,35200.0,2.58
2019-04-30,32.81,38400.0,2.59
2019-05-01,38.37,22400.0,2.59
2019-05-02,31.54,30400.0,2.63
2019-05-03,28.57,21600.0,2.59
2019-05-06,27.62,30400.0,2.54
2019-05-07,25.89,14400.0,2.54
2019-05-08,25.14,4800.0,2.64
2019-05-09,26.48,23200.0,2.62
2019-05-10,25.02,16000.0,2.64
2019-05-13,26.4,12800.0,2.71
2019-05-14,25.7,5600.0,2.7
2019-05-15,27.4,4800.0,2.69
2019-05-16,29.73,10400.0,2.62
2019-05-17,36.58,26400.0,2.61
2019-05-20,26.93,41600.0,2.7
2019-05-21,26.28,16000.0,2.73
2019-05-22,31.66,23200.0,2.73
2019-05-23,27.83,65600.0,2.56
2019-05-24,40.49,55200.0,2.6
2019-05-28,35.35,42400.0,2.65
2019-05-29,33.09,24000.0,2.69
2019-05-30,28.17,20800.0,2.69
2019-05-31,24.66,29600.0,2.59
2019-06-03,24.02,16800.0,2.5
2019-06-04,29.11,32000.0,2.45
2019-06-05,31.27,8800.0,2.45
2019-06-06,26.59,16000.0,2.4
2019-06-07,25.82,8800.0,2.43
2019-06-10,23.4,16000.0,2.42
2019-06-11,22.82,9600.0,2.41
2019-06-12,21.18,20000.0,2.43
2019-06-13,20.75,3200.0,2.43
2019-06-14,31.36,23200.0,2.37
2019-06-17,27.5,20800.0,2.46
2019-06-18,26.65,15200.0,2.44
2019-06-19,29.01,20000.0,2.43
2019-06-20,23.81,5600.0,2.38
2019-06-21,30.61,10400.0,2.27
2019-06-24,30.77,4800.0,2.31
2019-06-25,32.11,24000.0,2.31
2019-06-26,34.82,20800.0,2.34
2019-06-27,35.63,29600.0,2.32
2019-06-28,28.47,14400.0,2.42
2019-07-01,32.2,10400.0,2.33
2019-07-02,33.85,3200.0,2.3
2019-07-03,29.35,1600.0,2.29
2019-07-08,30.26,8000.0,2.39
2019-07-09,37.27,22400.0,2.41
2019-07-10,36.63,20000.0,2.49
2019-07-11,32.08,13600.0,2.54
2019-07-12,33.55,15200.0,2.54
2019-07-15,34.13,24800.0,2.53
2019-07-16,38.42,36800.0,2.53
2019-07-17,40.23,47200.0,2.44
2019-07-18,52.16,42400.0,2.38
2019-07-19,32.41,18400.0,2.3
2019-07-22,25.03,32800.0,2.33
2019-07-23,24.76,16000.0,2.34
2019-07-24,28.22,16800.0,2.33
2019-07-25,30.77,21600.0,2.26
2019-07-26,33.92,9600.0,2.23
2019-07-29,34.84,22400.0,2.23
2019-07-30,29.34,16000.0,2.22
2019-07-31,28.91,14400.0,2.28
2019-08-01,27.94,12000.0,2.36
2019-08-02,31.08,4000.0,2.12
2019-08-05,32.67,4000.0,2.02
2019-08-06,30.66,21600.0,2.15
2019-08-07,28.95,17600.0,2.18
2019-08-08,27.0,800.0,2.13
2019-08-09,31.11,5600.0,2.09
2019-08-12,29.78,15200.0,2.21
2019-08-13,28.02,4000.0,2.24
2019-08-14,27.5,800.0,2.22
2019-08-15,29.25,19200.0,2.19
2019-08-16,40.05,41600.0,2.2
2019-08-19,35.52,16800.0,2.26
2019-08-20,33.27,19200.0,2.35
2019-08-21,30.38,14400.0,2.31
2019-08-22,24.38,9600.0,2.28
2019-08-23,24.88,9600.0,2.15
2019-08-26,23.46,22400.0,2.23
2019-08-27,25.4,4000.0,2.24
2019-08-28,25.18,6400.0,2.24
2019-08-29,26.63,11200.0,2.36
2019-08-30,32.93,12800.0,2.33
2019-09-03,32.11,29600.0,2.39
2019-09-04,25.22,16800.0,2.48
2019-09-05,24.91,20000.0,2.49
2019-09-06,29.72,16800.0,2.49
2019-09-09,37.6,44000.0,2.65
2019-09-10,43.19,26400.0,2.67
2019-09-11,41.77,40800.0,2.63
2019-09-12,29.51,16000.0,2.62
2019-09-13,42.75,12000.0,2.61
2019-09-16,30.83,11200.0,2.75
2019-09-17,27.31,8000.0,2.7
2019-09-18,25.05,5600.0,2.72
2019-09-19,26.01,16000.0,2.65
2019-09-20,36.32,8800.0,2.34
2019-09-23,28.57,26400.0,2.55
2019-09-24,30.82,16800.0,2.55
2019-09-25,32.33,28800.0,2.54
2019-09-26,29.93,4000.0,2.57
2019-09-27,39.63,19200.0,2.41
2019-09-30,40.81,26400.0,2.37
2019-10-01,60.85,20000.0,2.36
2019-10-02,41.37,31200.0,2.36
2019-10-03,25.95,4800.0,2.31
2019-10-04,27.01,18400.0,2.25
2019-10-07,24.8,23200.0,2.36
2019-10-08,24.44,6400.0,2.29
2019-10-09,24.29,17600.0,2.26
2019-10-10,23.51,9600.0,2.26
2019-10-14,26.28,13600.0,2.13
2019-10-15,25.82,30400.0,2.29
2019-10-17,24.99,12800.0,2.29
2019-10-18,27.75,4800.0,2.08
2019-10-21,30.82,11200.0,2.13
2019-10-22,30.74,12800.0,2.21
2019-10-23,30.38,1600.0,2.34
2019-10-24,29.88,3200.0,2.33
2019-10-25,31.5,1600.0,2.26
2019-10-28,26.81,13600.0,2.49
2019-10-29,29.36,12000.0,2.61
2019-10-30,33.41,22400.0,2.71
2019-10-31,31.56,45600.0,2.73
2019-11-01,31.42,8800.0,2.54
2019-11-04,30.82,23200.0,2.77
2019-11-05,32.78,17600.0,2.77
2019-11-06,34.12,12000.0,2.82
2019-11-07,38.92,28800.0,2.84
2019-11-08,32.05,40000.0,2.87
2019-11-12,55.32,30400.0,2.72
2019-11-13,44.15,59200.0,2.66
2019-11-14,31.13,17600.0,2.68
2019-11-15,29.44,14400.0,2.7
2019-11-18,35.1,64800.0,2.64
2019-11-19,41.51,64000.0,2.53
2019-11-20,30.62,36000.0,2.56
2019-11-21,27.0,29600.0,2.53
2019-11-22,29.92,7200.0,2.62
2019-11-25,24.34,8800.0,2.51
2019-11-26,23.15,22400.0,2.51
2019-11-27,23.4,1600.0,2.46
2019-11-29,31.7,6400.0,2.46
2019-12-02,28.54,36800.0,2.29
2019-12-03,25.34,15200.0,2.42
2019-12-04,24.74,7200.0,2.43
2019-12-05,24.13,14400.0,2.42
2019-12-06,23.91,24800.0,2.31
2019-12-09,27.2,9600.0,2.17
2019-12-10,34.21,27200.0,2.18
2019-12-11,32.34,20000.0,2.28
2019-12-12,28.05,32800.0,2.28
2019-12-13,28.82,29600.0,2.28
2019-12-16,28.4,16800.0,2.34
2019-12-17,38.69,23200.0,2.3
2019-12-18,41.67,32000.0,2.26
2019-12-19,31.22,8800.0,2.21
2019-12-20,23.27,2400.0,2.27
2019-12-23,21.75,800.0,2.17
2019-12-26,20.13,3200.0,2.09
2019-12-27,21.21,4800.0,1.75
2019-12-30,21.0,5600.0,2.06
2019-12-31,23.33,2400.0,2.09
2019-12-31,23.33,2400.0,2.09
2020-01-02,21.55,12000.0,2.05
2020-01-03,26.0,800.0,2.06
2020-01-06,26.92,12000.0,2.1
2020-01-08,25.87,10400.0,2.09
2020-01-09,21.81,7200.0,2.05
2020-01-10,21.77,15200.0,2.05
2020-01-13,23.91,18400.0,2.03
2020-01-14,22.04,4800.0,2.15
2020-01-15,25.0,1600.0,2.01
2020-01-16,27.45,12800.0,2.06
2020-01-17,31.25,19200.0,2.07
2020-01-21,25.49,13600.0,1.98
2020-01-22,24.79,43200.0,1.89
2020-01-23,21.33,8000.0,1.95
2020-01-24,23.29,5600.0,1.91
2020-01-27,23.92,4000.0,2.03
2020-01-28,25.88,3200.0,1.96
2020-01-29,25.7,8800.0,1.93
2020-01-30,24.69,14400.0,1.94
2020-01-31,20.98,12000.0,1.91
2020-02-03,19.25,20000.0,1.9
2020-02-04,22.75,24000.0,1.89
2020-02-05,21.37,18400.0,1.89
2020-02-06,22.98,6400.0,1.86
2020-02-07,22.69,4000.0,1.93
2020-02-10,21.14,8800.0,1.85
2020-02-11,22.66,3200.0,1.85
2020-02-12,20.52,30400.0,1.91
2020-02-13,28.67,12800.0,1.95
2020-02-18,22.58,10400.0,2.04
2020-02-19,26.7,33600.0,2.01
2020-02-20,25.29,5600.0,1.98
2020-02-21,20.0,2400.0,1.96
2020-02-24,19.91,6400.0,1.94
2020-02-25,20.08,7200.0,1.93
2020-02-26,23.0,1600.0,1.96
2020-02-27,22.86,7200.0,1.78
2020-02-28,21.25,2400.0,1.79
2020-03-02,20.39,15200.0,1.75
2020-03-03,20.57,11200.0,1.78
2020-03-04,20.23,8000.0,1.83
2020-03-05,23.84,23200.0,1.89
2020-03-06,21.25,800.0,1.76
2020-03-09,19.39,15200.0,1.74
2020-03-10,23.01,20000.0,1.91
2020-03-11,24.39,16800.0,1.96
2020-03-12,22.53,15200.0,1.82
2020-03-13,25.87,7200.0,1.94
2020-03-17,22.5,1600.0,1.89
2020-03-18,18.61,7200.0,1.73
2020-03-19,18.3,1600.0,1.68
2020-03-20,21.55,11200.0,1.76
2020-03-23,18.6,8800.0,1.7
2020-03-24,23.7,13600.0,1.73
2020-03-25,20.17,4800.0,1.8
2020-03-26,18.71,10400.0,1.73
2020-03-27,18.3,4000.0,1.7
2020-03-30,20.36,10400.0,1.65
2020-03-31,21.48,7200.0,1.71
2020-04-01,18.88,10400.0,1.69
2020-04-02,16.13,4800.0,1.55
2020-04-03,18.1,4000.0,1.5
2020-04-06,17.12,8000.0,1.64
2020-04-07,18.58,20000.0,1.83
2020-04-08,17.49,21600.0,1.86
2020-04-09,18.5,24800.0,1.74
2020-04-13,22.48,11200.0,1.86
2020-04-14,24.4,11200.0,1.76
2020-04-15,21.9,16000.0,1.68
2020-04-16,20.17,4000.0,1.59
2020-04-17,19.63,4000.0,1.71
2020-04-20,20.27,2400.0,1.78
2020-04-21,20.34,11200.0,1.92
2020-04-22,20.33,13600.0,1.9
2020-04-23,21.1,8800.0,1.86
2020-04-24,21.0,3200.0,1.81
2020-04-27,21.22,4000.0,1.68
2020-04-28,19.67,4800.0,1.8
2020-04-29,19.08,4000.0,1.73
2020-04-30,19.09,12000.0,1.63
2020-05-01,20.69,17600.0,1.69
2020-05-04,20.1,2400.0,1.78
2020-05-05,23.15,12800.0,1.93
2020-05-06,20.52,11200.0,1.9
2020-05-07,20.62,8000.0,1.84
2020-05-08,21.32,2400.0,1.74
2020-05-11,19.66,8800.0,1.7
2020-05-12,18.3,4000.0,1.61
2020-05-13,18.39,16800.0,1.56
2020-05-14,22.33,33600.0,1.6
2020-05-15,18.9,6400.0,1.66
2020-05-18,16.19,32800.0,1.77
2020-05-19,15.63,3200.0,1.85
2020-05-20,17.85,9600.0,1.83
2020-05-21,19.78,13600.0,1.75
2020-05-22,21.79,28000.0,1.7
2020-05-26,27.38,29600.0,1.79
2020-05-27,25.98,24000.0,1.78
2020-05-28,26.66,32800.0,1.79
2020-05-29,16.2,16000.0,1.7
2020-06-01,20.22,24800.0,1.59
2020-06-02,29.28,7200.0,1.58
2020-06-03,28.09,25600.0,1.84
2020-06-04,31.09,16000.0,1.68
2020-06-05,20.39,20800.0,1.8
2020-06-08,29.24,34400.0,1.68
2020-06-09,30.42,17600.0,1.68
2020-06-10,24.51,9600.0,1.72
2020-06-11,20.22,24000.0,1.77
2020-06-12,18.73,8000.0,1.67
2020-06-15,19.0,800.0,1.64
2020-06-16,21.35,10400.0,1.43
2020-06-17,20.95,8800.0,1.55
2020-06-18,23.54,12800.0,1.51
2020-06-19,29.17,8800.0,1.49
2020-06-22,25.5,18400.0,1.64
2020-06-23,20.7,4800.0,1.61
2020-06-24,20.25,3200.0,1.64
2020-06-25,23.75,12000.0,1.53
2020-06-29,25.85,12800.0,1.67
2020-06-30,24.78,20000.0,1.76
2020-07-01,29.58,9600.0,1.69
2020-07-02,28.55,32800.0,1.58
2020-07-06,33.47,15200.0,1.71
2020-07-07,35.66,5600.0,1.76
2020-07-08,39.08,2400.0,1.78
2020-07-09,33.49,36000.0,1.88
2020-07-10,29.16,43200.0,1.79
2020-07-13,29.52,26400.0,1.75
2020-07-14,32.12,8000.0,1.74
2020-07-15,33.32,25600.0,1.76
2020-07-16,33.9,19200.0,1.79
2020-07-17,51.91,24000.0,1.79
2020-07-20,36.53,23200.0,1.71
2020-07-21,30.98,16000.0,1.66
2020-07-22,27.02,26400.0,1.69
2020-07-23,27.25,4800.0,1.75
2020-07-24,41.0,8800.0,1.77
2020-07-27,32.58,11200.0,1.85
2020-07-28,30.25,4000.0,1.83
2020-07-29,29.89,11200.0,1.77
2020-07-30,24.7,16000.0,1.81
2020-07-31,26.0,800.0,1.83
2020-08-03,23.36,7200.0,1.95
2020-08-05,24.88,16000.0,2.23
2020-08-06,27.8,4000.0,2.26
2020-08-07,34.5,800.0,2.15
2020-08-10,36.27,14400.0,2.18
2020-08-11,32.0,6400.0,2.19
2020-08-12,28.1,8000.0,2.05
2020-08-13,27.78,8000.0,2.19
2020-08-14,27.0,5600.0,2.23
2020-08-18,25.06,12800.0,2.45
2020-08-19,24.85,2400.0,2.43
2020-08-20,29.75,4000.0,2.35
2020-08-21,36.0,800.0,2.39
2020-08-24,40.69,7200.0,2.57
2020-08-25,34.11,7200.0,2.54
2020-08-26,38.88,18400.0,2.52
2020-08-27,29.85,8800.0,2.52
2020-08-28,24.9,12000.0,2.46
2020-08-31,24.59,11200.0,2.3
2020-09-01,29.3,8800.0,2.22
2020-09-02,28.15,19200.0,2.15
2020-09-03,24.03,3200.0,2.32
2020-09-04,28.91,16800.0,1.8
2020-09-08,31.46,18400.0,2.35
2020-09-09,26.66,18400.0,2.21
2020-09-10,26.02,7200.0,2.13
2020-09-11,29.01,15200.0,1.93
2020-09-14,22.31,22400.0,2.18
2020-09-15,20.95,22400.0,2.19
2020-09-16,19.9,28000.0,2.06
2020-09-17,16.32,17600.0,1.65
2020-09-18,18.2,4000.0,1.56
2020-09-21,18.75,4000.0,1.33
2020-09-22,22.45,4800.0,1.49
2020-09-23,21.4,13600.0,1.74
2020-09-24,19.93,6400.0,1.93
2020-09-25,25.99,11200.0,1.9
2020-09-28,20.13,7200.0,1.83
2020-09-29,20.35,52000.0,1.74
2020-09-30,18.82,24000.0,1.66
2020-10-01,19.47,19200.0,1.6
2020-10-02,20.88,3200.0,1.41
2020-10-05,22.79,4800.0,1.92
2020-10-06,24.21,18400.0,1.86
2020-10-07,22.2,26400.0,2.01
2020-10-08,23.31,20000.0,1.49
2020-10-09,25.74,12000.0,2.25
2020-10-12,22.75,6400.0,2.31
2020-10-13,21.85,16000.0,2.14
2020-10-14,23.31,20800.0,2.02
2020-10-15,23.62,11200.0,2.23
2020-10-16,26.88,1600.0,2.16
2020-10-19,29.64,11200.0,2.3
2020-10-20,30.46,8000.0,2.57
2020-10-21,30.03,16000.0,2.95
2020-10-22,27.08,15200.0,2.99
2020-10-26,31.68,5600.0,3.14
2020-10-27,33.01,6400.0,3.07
2020-10-28,33.9,19200.0,3.14
2020-10-29,33.8,2400.0,3.06
2020-10-30,39.49,7200.0,3.03
2020-11-02,28.28,8800.0,3.03
2020-11-03,24.8,3200.0,2.88
2020-11-04,24.26,4800.0,2.63
2020-11-05,23.19,14400.0,2.69
2020-11-06,24.14,5600.0,2.67
2020-11-09,20.96,13600.0,2.63
2020-11-10,25.55,10400.0,2.74
2020-11-11,26.6,4800.0,2.75
2020-11-12,25.03,5600.0,2.81
2020-11-16,28.35,14400.0,2.62
2020-11-17,27.5,16000.0,2.55
2020-11-18,24.36,11200.0,2.37
2020-11-19,20.87,7200.0,2.19
2020-11-20,22.6,15200.0,2.22
2020-11-23,25.51,8800.0,2.23
2020-11-24,21.6,3200.0,2.47
2020-11-25,18.55,3200.0,2.47
2020-11-30,29.4,26400.0,2.89
2020-12-01,29.98,8800.0,2.89
2020-12-02,26.73,4800.0,2.75
2020-12-03,23.24,8000.0,2.46
2020-12-07,28.99,6400.0,2.39
2020-12-08,26.07,7200.0,2.36
2020-12-09,24.88,4800.0,2.45
2020-12-10,21.84,4800.0,2.45
2020-12-11,28.89,8800.0,2.54
2020-12-14,33.08,25600.0,2.69
2020-12-15,36.22,23200.0,2.63
2020-12-16,42.4,56800.0,2.73
2020-12-17,40.35,31200.0,2.7
2020-12-18,28.04,10400.0,2.73
2020-12-21,27.83,8000.0,2.68
2020-12-22,24.58,12800.0,2.76
2020-12-23,21.23,16000.0,2.76
2020-12-24,27.55,8800.0,2.68
2020-12-28,28.07,13600.0,2.39
2020-12-29,22.88,3200.0,2.4
2020-12-30,20.35,8800.0,2.36
2020-12-31,23.38,1600.0,2.39
2021-01-04,27.21,43200.0,2.6
2021-01-05,34.42,28000.0,2.77
2021-01-06,27.84,14400.0,2.76
2021-01-07,30.08,11200.0,2.81
2021-01-08,31.63,6400.0,2.77
2021-01-11,28.25,14400.0,2.71
2021-01-12,26.38,17600.0,2.89
2021-01-13,26.35,12000.0,2.82
2021-01-14,27.16,11200.0,2.82
2021-01-15,31.75,20000.0,2.86
2021-01-19,28.07,12000.0,2.65
2021-01-20,23.84,36000.0,2.57
2021-01-21,24.06,11200.0,2.49
2021-01-22,27.8,10400.0,2.45
2021-01-25,26.5,50400.0,2.63
2021-01-26,28.87,20800.0,2.73
2021-01-27,36.43,32000.0,2.77
2021-01-28,43.28,42400.0,2.76
2021-01-29,32.97,4800.0,2.68
2021-02-01,33.23,41600.0,2.88
2021-02-02,33.27,33600.0,3.24
2021-02-03,29.5,15200.0,3.01
2021-02-04,26.97,10400.0,2.99
2021-02-05,40.43,32000.0,3.49
2021-02-08,37.52,36000.0,3.4
2021-02-09,37.19,32000.0,3.35
2021-02-10,40.03,14400.0,3.76
2021-02-11,48.83,23200.0,6.5
2021-02-12,61.5,46400.0,6.12
2021-02-16,132.38,22400.0,11.32
2021-02-17,169.92,39200.0,23.86
2021-02-18,78.36,16000.0,8.56
2021-02-19,39.66,10400.0,4.96
2021-02-22,29.01,12000.0,3.16
2021-02-23,23.79,16000.0,2.94
2021-02-24,23.92,20000.0,2.8
2021-02-25,23.9,16800.0,2.72
2021-02-26,25.47,15200.0,2.66
2021-03-01,33.81,27200.0,2.7
2021-03-02,28.61,24000.0,2.87
2021-03-03,27.7,10400.0,2.86
2021-03-04,29.23,9600.0,2.79
2021-03-05,28.23,8800.0,2.72
2021-03-08,22.0,10400.0,2.67
2021-03-09,21.07,20800.0,2.62
2021-03-10,21.05,7200.0,2.62
2021-03-11,23.84,7200.0,2.7
2021-03-12,33.5,2400.0,2.65
2021-03-15,31.99,24800.0,2.58
2021-03-16,26.45,4000.0,2.5
2021-03-17,25.81,13600.0,2.6
2021-03-18,29.52,12000.0,2.45
2021-03-19,27.0,2400.0,2.53
2021-03-22,24.34,7200.0,2.55
2021-03-23,28.27,13600.0,2.56
2021-03-24,26.63,1600.0,2.56
2021-03-25,27.98,4800.0,2.52
2021-03-26,30.22,8800.0,2.52
2021-03-29,25.99,9600.0,2.58
2021-03-30,25.39,5600.0,2.55
2021-03-31,31.87,11200.0,2.52
2021-04-01,31.86,11200.0,2.52
2021-04-05,26.91,4800.0,2.43
2021-04-06,28.44,7200.0,2.44
2021-04-07,27.93,3200.0,2.43
2021-04-08,24.63,8800.0,2.47
2021-04-09,27.75,2400.0,2.48
2021-04-12,27.11,9600.0,2.5
2021-04-13,29.42,15200.0,2.57
2021-04-14,31.25,8800.0,2.65
2021-04-15,33.39,7200.0,2.62
2021-04-19,33.13,8800.0,2.75
2021-04-20,37.16,16800.0,2.76
2021-04-21,35.6,16000.0,2.72
2021-04-22,31.31,3200.0,2.77
2021-04-23,29.03,12800.0,2.79
2021-04-26,30.7,29600.0,2.73
2021-04-28,37.0,8000.0,2.98
2021-04-29,27.03,17600.0,2.91
2021-04-30,31.16,6400.0,2.86
2021-05-03,44.54,76800.0,2.96
2021-05-04,33.81,15200.0,3.0
2021-05-05,26.67,21600.0,2.99
2021-05-06,28.15,3200.0,2.9
2021-05-07,32.45,2400.0,2.9
2021-05-10,31.92,2400.0,2.93
2021-05-11,27.63,1600.0,2.91
2021-05-12,29.66,8800.0,2.91
2021-05-13,27.0,3200.0,2.95
2021-05-14,28.38,11200.0,2.95
2021-05-17,30.98,17600.0,2.99
2021-05-18,35.23,9600.0,2.96
2021-05-19,40.03,12000.0,2.88
2021-05-20,43.12,13600.0,2.86
2021-05-21,33.38,1600.0,2.84
2021-05-24,31.26,15200.0,2.78
2021-05-25,39.55,24800.0,2.87
2021-05-26,33.82,20800.0,2.91
2021-05-27,27.98,12000.0,2.85
2021-05-28,28.0,3200.0,2.91
2021-06-01,26.9,4000.0,3.02
2021-06-02,29.73,4000.0,3.09
2021-06-03,33.79,7200.0,3.01
2021-06-04,45.93,15200.0,3.01
2021-06-07,43.36,35200.0,2.98
2021-06-08,41.23,28000.0,3.11
2021-06-09,37.01,13600.0,3.13
2021-06-10,32.63,19200.0,3.13
2021-06-11,34.75,800.0,3.23
2021-06-14,29.23,12000.0,3.36
2021-06-15,28.37,9600.0,3.31
2021-06-16,28.45,12800.0,3.25
2021-06-17,32.86,24800.0,3.24
2021-06-18,40.41,16800.0,3.23
2021-06-21,27.95,9600.0,3.15
2021-06-22,27.0,8800.0,3.21
2021-06-25,51.38,7200.0,3.4
2021-06-28,65.05,32000.0,3.62
2021-06-29,67.48,31200.0,3.75
2021-06-30,40.32,15200.0,3.79
2021-07-01,30.13,11200.0,3.76
2021-07-02,54.04,15200.0,3.67
2021-07-06,56.0,24000.0,3.68
2021-07-07,36.71,8800.0,3.66
2021-07-08,36.45,1600.0,3.56
2021-07-09,43.95,8800.0,3.71
2021-07-12,44.99,11200.0,3.7
2021-07-13,46.13,9600.0,3.78
2021-07-14,49.63,18400.0,3.8
2021-07-15,44.45,36800.0,3.68
2021-07-19,45.58,18400.0,3.75
2021-07-20,43.09,8800.0,3.82
2021-07-21,37.57,11200.0,3.94
2021-07-22,41.03,4800.0,4.02
2021-07-23,52.27,8800.0,4.11
2021-07-26,53.03,7200.0,4.09
2021-07-27,50.96,12800.0,4.15
2021-07-28,44.01,16800.0,4.1
2021-07-29,38.66,8800.0,4.03
2021-08-02,38.55,9600.0,4.02
2021-08-03,41.46,6400.0,4.06
2021-08-04,45.0,800.0,4.2
2021-08-05,53.61,8800.0,4.27
2021-08-06,63.0,4000.0,4.21
2021-08-09,55.31,23200.0,4.24
2021-08-10,60.08,21600.0,4.12
2021-08-11,73.79,20000.0,4.07
2021-08-12,54.17,21600.0,4.1
2021-08-13,42.41,18400.0,3.95
2021-08-16,43.0,7200.0,3.93
2021-08-17,46.91,9600.0,3.92
2021-08-18,54.13,12800.0,3.86
2021-08-19,45.03,8000.0,3.83
2021-08-20,53.64,13600.0,3.94
2021-08-23,67.63,34400.0,3.93
2021-08-24,81.5,49600.0,3.95
2021-08-25,77.0,7200.0,4.03
2021-08-26,61.43,25600.0,4.07
2021-08-27,60.0,800.0,4.35
2021-08-30,49.92,2400.0,4.25
2021-08-31,40.48,8000.0,4.33
2021-09-01,40.05,19200.0,4.45
2021-09-02,38.05,16000.0,4.65
2021-09-03,45.31,3200.0,4.77
2021-09-07,46.07,16000.0,4.71
2021-09-08,42.63,4000.0,4.66
2021-09-09,43.51,8800.0,4.97
2021-09-10,80.12,47200.0,5.13
2021-09-13,80.44,15200.0,5.21
2021-09-14,68.98,12000.0,5.39
2021-09-15,64.02,8800.0,5.66
2021-09-16,73.08,25600.0,5.52
2021-09-17,71.13,3200.0,5.32
2021-09-20,54.26,8800.0,5.25
2021-09-21,48.29,11200.0,4.96
2021-09-22,46.0,2400.0,4.92
2021-09-23,41.87,11200.0,4.94
2021-09-24,48.69,6400.0,5.1
2021-09-27,56.73,10400.0,5.53
2021-09-28,58.93,14400.0,5.94
2021-09-29,56.79,5600.0,5.73
2021-09-30,58.34,6400.0,5.58
2021-10-01,74.15,36000.0,5.61
2021-10-04,85.35,13600.0,5.8
2021-10-05,77.38,12800.0,6.37
2021-10-06,79.82,12000.0,6.0
2021-10-07,79.74,7200.0,5.71
2021-10-08,90.0,7200.0,5.46
2021-10-11,62.03,54400.0,5.46
2021-10-12,66.3,23200.0,5.34
2021-10-13,79.41,34400.0,5.56
2021-10-14,84.23,11200.0,5.92
2021-10-15,61.0,1600.0,5.44
2021-10-18,61.75,3200.0,5.01
2021-10-19,61.53,5600.0,4.81
2021-10-20,57.32,5600.0,4.87
2021-10-21,57.69,13600.0,4.94
2021-10-25,70.13,9600.0,5.72
2021-10-26,65.21,7200.0,5.59
2021-10-28,63.96,5600.0,5.68
2021-10-29,71.33,3200.0,5.49
2021-11-01,81.63,12000.0,5.22
2021-11-02,91.2,12000.0,5.33
2021-11-03,97.15,4000.0,5.59
2021-11-04,105.93,26400.0,5.73
2021-11-05,73.0,3200.0,5.51
2021-11-08,59.53,39200.0,5.53
2021-11-09,61.63,8000.0,5.08
2021-11-10,56.53,8000.0,4.56
2021-11-11,54.05,22400.0,4.81
2021-11-12,81.43,8800.0,4.97
2021-11-15,66.91,5600.0,4.77
2021-11-16,0.0,14400.0,5.11
2021-11-17,60.86,20000.0,4.82
2021-11-18,79.0,9600.0,4.95
2021-11-19,83.6,4000.0,4.9
2021-11-22,95.35,17600.0,4.83
2021-11-23,71.5,6400.0,4.95
2021-11-24,59.75,800.0,4.93
2021-11-29,72.27,5600.0,4.9
2021-11-30,64.6,12000.0,4.52
2021-12-01,51.63,14400.0,4.31
2021-12-02,51.32,12800.0,4.08
2021-12-03,51.98,8800.0,3.79
2021-12-06,57.33,10400.0,3.66
2021-12-07,61.72,25600.0,3.6
2021-12-08,61.9,35200.0,3.79
2021-12-09,40.92,6400.0,3.67
2021-12-10,46.14,5600.0,3.65
2021-12-13,42.82,2400.0,4.05
2021-12-14,36.03,12800.0,3.71
2021-12-16,37.82,5600.0,3.67
2021-12-17,55.76,9600.0,3.71
2021-12-21,53.36,5600.0,3.96
2021-12-22,45.98,10400.0,3.95
2021-12-23,31.22,5600.0,3.56
2021-12-27,32.86,5600.0,3.45
2021-12-28,32.0,1600.0,3.32
2021-12-29,31.25,3200.0,3.4
2021-12-30,30.19,3200.0,3.82
2021-12-31,52.71,5600.0,3.82
2022-01-03,59.51,31200.0,3.74
2022-01-04,52.79,32800.0,3.73
2022-01-05,64.85,23200.0,3.78
2022-01-06,98.32,36800.0,3.94
2022-01-07,75.47,40800.0,3.83
2022-01-10,86.24,36000.0,4.16
2022-01-11,54.35,13600.0,4.16
2022-01-12,47.17,12000.0,4.62
2022-01-13,62.61,10400.0,4.78
2022-01-18,57.76,24800.0,4.55
2022-01-19,86.98,31200.0,4.89
2022-01-20,140.61,48800.0,4.45
2022-01-21,86.75,7200.0,4.11
2022-01-24,56.55,27200.0,4.2
2022-01-25,106.86,23200.0,4.24
2022-01-26,84.48,20800.0,4.43
2022-01-27,62.87,25600.0,4.43
2022-01-28,88.09,11200.0,5.69
2022-01-31,70.98,12800.0,5.56
2022-02-01,53.63,17600.0,5.45
2022-02-02,64.79,4800.0,6.7
2022-02-03,65.71,12000.0,5.84
2022-02-04,75.67,9600.0,5.34
2022-02-07,54.48,9600.0,4.44
2022-02-09,40.25,18400.0,4.13
2022-02-10,35.33,26400.0,4.03
2022-02-11,64.3,24000.0,4.04
2022-02-14,44.68,20800.0,4.05
2022-02-14,57.78,8000.0,4.05
2022-02-15,38.1,6400.0,4.31
2022-02-16,35.58,9600.0,4.39
2022-02-17,45.95,16800.0,4.57
2022-02-18,45.36,6400.0,4.61
2022-02-22,46.32,5600.0,4.48
2022-02-23,64.0,800.0,4.59
2022-02-24,64.24,3200.0,4.78
2022-02-25,67.57,15200.0,4.63
2022-02-28,40.03,14400.0,4.46
2022-03-01,38.22,19200.0,4.36
2022-03-02,47.36,5600.0,4.65
2022-03-03,52.99,13600.0,4.63
2022-03-04,45.77,11200.0,4.74
2022-03-07,51.79,4800.0,4.93
2022-03-08,58.44,25600.0,4.61
2022-03-09,57.54,5600.0,4.55
2022-03-10,45.5,800.0,4.65
2022-03-11,55.21,5600.0,4.79
2022-03-14,44.38,5600.0,4.59
2022-03-15,41.34,13600.0,4.46
2022-03-16,44.36,28800.0,4.68
2022-03-17,41.25,5600.0,4.8
2022-03-18,42.45,2400.0,4.87
2022-03-21,42.8,3200.0,4.77
2022-03-22,47.5,3200.0,5.0
2022-04-06,74.97,4800.0,6.29
2022-04-08,82.46,11200.0,6.38
2022-04-11,76.25,9600.0,6.35
2022-04-12,77.91,9600.0,6.59
2022-04-13,76.18,11200.0,6.68
2022-04-14,66.93,21600.0,6.94
2022-04-18,101.85,18400.0,7.48
2022-04-19,83.35,4000.0,7.44
2022-04-20,72.4,19200.0,7.12
2022-04-21,73.0,4800.0,6.88
2022-04-22,81.75,2400.0,6.59
2022-04-25,80.6,10400.0,6.42
2022-04-26,80.5,800.0,6.89
2022-04-27,74.76,8800.0,6.91
2022-04-28,64.0,1600.0,6.97
2022-04-29,87.23,8800.0,6.84
2022-05-02,94.36,24000.0,7.3
2022-05-03,107.33,15200.0,7.84
2022-05-04,96.65,8000.0,8.3
2022-05-05,86.4,8800.0,8.42
2022-05-06,85.0,2400.0,8.35
2022-05-09,78.09,13600.0,8.06
2022-05-11,113.2,8000.0,7.53
2022-05-12,94.1,2400.0,7.25
2022-05-16,84.85,21600.0,8.07
2022-05-17,88.58,20800.0,8.26
2022-05-18,141.0,4000.0,8.53
2022-05-19,170.36,14400.0,8.21
2022-05-23,73.99,11200.0,8.16
2022-05-24,82.33,4800.0,8.87
2022-05-25,92.6,4800.0,9.44
2022-05-26,92.58,4800.0,9.19
2022-05-27,152.09,16000.0,8.3
2022-05-31,122.09,15200.0,8.46
2022-06-01,98.31,10400.0,8.47
2022-06-02,86.45,8800.0,8.9
2022-06-03,90.69,17600.0,8.34
2022-06-06,95.44,13600.0,9.08
2022-06-07,109.65,9600.0,9.28
2022-06-08,104.35,4000.0,9.43
2022-06-09,83.76,15200.0,8.16
2022-06-10,122.11,7200.0,8.78
2022-06-13,177.56,24800.0,9.0
2022-06-14,186.21,27200.0,7.68
2022-06-15,212.5,22400.0,7.72
2022-06-16,189.35,21600.0,7.88
2022-06-17,107.48,28800.0,7.37
2022-06-21,119.55,16800.0,6.6
2022-06-22,90.55,20800.0,6.76
2022-06-23,101.56,6400.0,6.54
2022-06-24,99.36,17600.0,5.8
2022-06-27,83.22,12000.0,6.09
2022-06-28,95.39,16800.0,6.66
2022-06-29,129.88,17600.0,6.69
2022-06-30,123.75,20000.0,6.54
2022-07-01,119.35,16000.0,5.75
2022-07-05,120.43,18400.0,5.72
2022-07-06,106.79,4800.0,5.65
2022-07-07,106.2,8000.0,5.83
2022-07-08,99.69,3200.0,6.4
2022-07-11,113.96,5600.0,6.82
2022-07-12,107.73,10400.0,6.81
2022-07-13,104.0,21600.0,6.68
2022-07-14,91.13,6400.0,6.9
2022-07-15,105.53,16800.0,6.6
2022-07-18,142.99,7200.0,7.65
2022-07-19,165.06,24800.0,7.35
2022-07-20,165.08,17600.0,7.58
2022-07-21,150.31,24000.0,7.99
2022-07-22,146.8,11200.0,8.25
2022-07-25,107.11,27200.0,8.52
2022-07-26,121.33,4800.0,9.46
2022-07-27,123.19,10400.0,8.65
2022-07-28,107.65,8000.0,8.75
2022-07-29,115.93,8000.0,8.33
2022-08-01,124.53,6400.0,8.2
2022-08-02,137.81,13600.0,8.01
2022-08-03,136.19,9600.0,7.81
2022-08-04,125.54,9600.0,8.4
2022-08-05,130.88,1600.0,8.3
2022-08-08,155.84,20000.0,7.76
2022-08-09,121.1,4000.0,7.87
2022-08-10,105.11,5600.0,7.86
2022-08-11,86.18,7200.0,8.53
2022-08-12,86.71,5600.0,8.73
2022-08-15,98.14,5600.0,8.62
2022-08-16,100.6,2400.0,9.28
2022-08-17,105.74,7200.0,9.51
2022-08-18,116.5,4000.0,9.42
2022-08-19,106.19,14400.0,9.14
2022-08-22,115.94,3200.0,9.85
2022-08-23,134.38,3200.0,9.75
2022-08-24,126.46,17600.0,9.27
2022-08-25,115.52,4800.0,9.47
2022-08-26,147.32,9600.0,9.48
2022-08-29,140.63,24800.0,9.24
2022-08-30,110.21,8800.0,9.1
2022-08-31,113.61,9600.0,8.93
2022-09-01,115.61,5600.0,9.38
2022-09-02,107.88,14400.0,9.18
2022-09-06,101.47,14400.0,8.52
2022-09-07,96.31,6400.0,8.12
2022-09-08,106.08,13600.0,8.27
2022-09-09,111.48,11200.0,8.31
2022-09-12,108.89,3200.0,8.2
2022-09-13,107.42,24000.0,8.49
2022-09-14,106.33,2400.0,8.7
2022-09-15,108.89,3200.0,8.6
2022-09-16,152.25,6400.0,8.11
2022-09-19,120.03,24800.0,7.96
2022-09-20,130.11,12000.0,8.01
2022-09-21,93.04,20000.0,7.99
2022-09-22,73.08,16000.0,7.76
2022-09-23,68.61,12000.0,6.75
2022-09-26,54.49,13600.0,6.75
2022-09-27,63.96,9600.0,6.83
2022-09-28,62.39,16800.0,6.59
2022-09-29,67.11,15200.0,6.57
2022-09-30,72.06,3200.0,6.4
2022-10-03,73.63,8800.0,5.64
2022-10-04,73.53,8800.0,5.4
2022-10-05,72.62,12800.0,5.84
2022-10-06,74.43,16000.0,6.91
2022-10-07,77.67,4800.0,6.25
2022-10-11,73.56,7200.0,6.2
2022-10-13,72.37,14400.0,6.25
2022-10-14,92.85,16800.0,6.1
2022-10-17,90.57,15200.0,6.08
2022-10-18,86.58,8000.0,6.16
2022-10-19,82.72,12000.0,5.63
2022-10-20,63.83,7200.0,5.1
2022-10-21,56.03,7200.0,4.45
2022-10-24,62.74,9600.0,4.81
2022-10-25,66.73,7200.0,5.17
2022-10-26,62.97,2400.0,5.28
2022-10-27,62.8,8000.0,5.3
2022-10-28,62.61,12800.0,5.02
2022-10-31,63.63,6400.0,5.02
2022-11-01,49.84,9600.0,4.57
2022-11-02,50.14,12800.0,4.58
2022-11-03,39.81,29600.0,4.65
2022-11-04,49.0,35200.0,4.0
2022-11-07,46.12,8800.0,4.62
2022-11-08,49.0,3200.0,4.0
2022-11-09,44.37,7200.0,3.46
2022-11-10,44.82,12800.0,4.8
2022-11-11,78.97,9600.0,4.8
2022-11-14,88.05,18400.0,6.24
2022-11-15,89.68,5600.0,5.9
2022-11-16,87.89,17600.0,5.88
2022-11-17,87.39,15200.0,6.2
2022-11-18,83.66,37600.0,6.1
2022-11-21,68.05,8000.0,6.23
2022-11-22,52.56,11200.0,6.27
2022-11-23,49.0,800.0,6.57
2022-11-28,58.25,8000.0,6.0
2022-11-29,60.25,26400.0,6.03
2022-11-30,75.04,11200.0,7.0
2022-12-01,61.4,20000.0,6.33
2022-12-02,55.52,12800.0,4.92
2022-12-05,53.53,10400.0,4.15
2022-12-06,50.36,5600.0,4.58
2022-12-07,56.13,17600.0,4.49
2022-12-08,61.47,7200.0,4.79
2022-12-09,66.0,800.0,4.98
2022-12-12,81.89,11200.0,6.73
2022-12-13,101.91,12800.0,7.2
2022-12-14,80.18,16800.0,6.54
2022-12-15,78.75,7200.0,6.8
2022-12-16,124.97,10400.0,6.63
2022-12-19,85.45,13600.0,6.08
2022-12-20,79.86,5600.0,5.28
2022-12-21,69.11,20000.0,6.13
2022-12-22,181.75,40800.0,7.1
2022-12-27,81.55,5600.0,4.88
2022-12-28,51.75,3200.0,4.06
2022-12-29,40.85,4000.0,3.78
2022-12-30,34.43,6400.0,3.52
2023-01-03,36.5,1600.0,3.64
2023-01-04,40.65,4000.0,3.75
2023-01-05,45.75,2400.0,3.78
2023-01-06,49.25,8000.0,3.43
2023-01-09,44.9,4800.0,3.65
2023-01-10,47.5,2400.0,3.32
2023-01-11,37.91,8000.0,3.41
2023-01-17,39.56,17600.0,3.43
2023-01-18,37.23,8000.0,3.2
2023-01-19,38.16,6400.0,2.91
2023-01-20,46.97,6400.0,3.15
2023-01-23,43.97,20000.0,3.43
2023-01-24,43.5,45600.0,3.35
2023-01-25,38.8,34400.0,3.09
2023-01-26,35.29,14400.0,2.72
2023-01-27,39.22,52000.0,2.83
2023-01-30,48.02,23200.0,2.82
2023-01-31,46.42,19200.0,2.65
2023-02-01,44.37,52800.0,2.65
2023-02-02,112.78,62400.0,2.67
2023-02-03,32.24,16800.0,2.4
2023-02-06,27.33,8000.0,2.17
2023-02-07,25.44,7200.0,2.35
2023-02-08,23.62,15200.0,2.4
2023-02-09,27.13,7200.0,2.4
2023-02-10,29.13,3200.0,2.37
2023-02-13,23.79,10400.0,2.42
2023-02-14,22.41,15200.0,2.42
2023-02-15,26.99,18400.0,2.45
2023-02-16,33.87,23200.0,2.48
2023-02-17,29.91,23200.0,2.28
2023-02-21,28.67,11200.0,2.12
2023-02-22,25.24,38400.0,2.07
2023-02-23,35.32,30400.0,2.17
2023-02-24,31.92,13600.0,2.36
2023-02-27,30.31,31200.0,2.55
2023-02-28,30.66,15200.0,2.5
2023-03-01,28.65,4800.0,2.59
2023-03-02,36.88,25600.0,2.67
2023-03-03,33.37,28000.0,2.66
2023-03-06,35.11,4800.0,2.46
2023-03-07,36.83,18400.0,2.52
2023-03-08,32.11,23200.0,2.5
2023-03-09,35.78,6400.0,2.5
2023-03-10,40.08,4800.0,2.4
2023-03-13,40.55,15200.0,2.4
2023-03-14,34.08,21600.0,2.65
2023-03-15,30.85,4000.0,2.45
2023-03-16,27.46,22400.0,2.45
2023-03-20,30.63,12000.0,2.23
2023-03-21,26.54,7200.0,1.93
2023-03-22,25.89,16800.0,2.03
2023-03-23,24.93,21600.0,2.08
2023-03-24,29.98,2400.0,2.04
2023-03-27,31.1,3200.0,2.04
2023-03-28,26.3,32800.0,2.02
2023-03-29,26.16,15200.0,1.94
2023-03-30,24.26,12800.0,1.95
2023-03-31,30.06,16000.0,2.1
2023-04-03,29.58,8800.0,2.09
2023-04-04,35.67,17600.0,2.13
2023-04-05,42.74,28000.0,2.17
2023-04-06,28.06,3200.0,2.18
2023-04-10,30.14,9600.0,2.15
2023-04-11,31.39,7200.0,2.19
2023-04-12,37.32,32800.0,2.22
2023-04-13,37.61,22400.0,2.04
2023-04-14,33.11,8000.0,1.87
2023-04-17,32.8,7200.0,2.21
2023-04-18,32.33,8000.0,2.23
2023-04-19,38.49,35200.0,2.2
2023-04-20,44.9,23200.0,2.19
2023-04-21,36.57,12000.0,2.2
2023-04-24,39.67,29600.0,2.19
2023-04-25,33.04,5600.0,2.21
2023-04-26,34.61,11200.0,2.19
2023-04-27,33.06,11200.0,2.17
2023-04-28,33.87,5600.0,2.27
2023-05-01,33.55,17600.0,2.24
2023-05-02,35.63,4800.0,2.12
2023-05-03,36.83,9600.0,2.01
2023-05-04,30.8,8800.0,1.96
2023-05-05,38.44,9600.0,1.85
2023-05-08,36.47,28000.0,2.12
2023-05-09,34.84,20000.0,2.22
2023-05-10,41.33,12000.0,2.12
2023-05-11,47.85,24000.0,2.07
2023-05-12,34.78,7200.0,1.98
2023-05-15,38.49,6400.0,2.25
2023-05-16,32.17,8000.0,2.28
2023-05-17,29.25,3200.0,2.25
2023-05-18,30.62,15200.0,2.3
2023-05-19,36.14,6400.0,2.37
2023-05-22,35.79,24000.0,2.3
2023-05-23,32.35,9600.0,2.22
2023-05-24,27.03,18400.0,2.25
2023-05-25,24.82,22400.0,2.23
2023-05-26,32.83,16800.0,1.88
2023-05-30,38.96,16000.0,2.11
2023-05-31,45.79,24000.0,2.1
2023-06-01,53.82,49600.0,1.77
2023-06-02,31.97,12800.0,1.74
2023-06-05,32.37,41600.0,1.92
2023-06-06,29.52,13600.0,1.95
2023-06-07,27.36,18400.0,2.13
2023-06-08,26.6,8000.0,2.1
2023-06-09,29.26,11200.0,1.85
2023-06-12,23.8,21600.0,1.9
2023-06-13,27.46,12800.0,2.0
2023-06-14,31.23,22400.0,2.05
2023-06-15,27.26,3200.0,2.18
2023-06-16,33.98,11200.0,2.13
2023-06-20,28.93,19200.0,2.38
2023-06-21,28.79,21600.0,2.24
2023-06-22,33.66,44800.0,2.27
2023-06-23,39.05,23200.0,2.22
2023-06-26,34.21,20000.0,2.62
2023-06-27,35.67,29600.0,2.68
2023-06-29,41.99,26400.0,2.4
2023-06-30,39.39,15200.0,2.48
2023-07-03,46.94,14400.0,2.48
2023-07-05,47.55,29600.0,2.65
2023-07-06,41.24,61600.0,2.5
2023-07-07,39.71,14400.0,2.49
2023-07-10,45.21,24000.0,2.55
2023-07-11,44.95,67200.0,2.57
2023-07-12,47.88,23200.0,2.55
2023-07-13,44.35,29600.0,2.5
2023-07-14,50.92,31200.0,2.5
2023-07-17,44.84,14400.0,2.46
2023-07-18,41.09,35200.0,2.52
2023-07-19,40.03,13600.0,2.51
2023-07-20,39.5,16800.0,2.61
2023-07-21,44.95,26400.0,2.61
2023-07-24,52.43,39200.0,2.68
2023-07-25,57.97,55200.0,2.66
2023-07-26,93.58,33600.0,2.6
2023-07-27,145.34,22400.0,2.47
2023-07-28,39.3,10400.0,2.53
2023-07-31,37.6,16800.0,2.58
2023-08-01,33.88,23200.0,2.49
2023-08-02,36.18,36000.0,2.43
2023-08-03,36.06,17600.0,2.44
2023-08-04,40.58,16800.0,2.53
2023-08-07,34.01,12800.0,2.65
2023-08-08,36.85,17600.0,2.77
2023-08-09,35.82,14400.0,2.92
2023-08-10,41.36,40800.0,2.83
2023-08-11,41.49,8000.0,2.61
2023-08-14,44.79,32800.0,2.74
2023-08-15,38.33,11200.0,2.65
2023-08-16,35.23,20000.0,2.55
2023-08-17,30.47,20800.0,2.56
2023-08-18,65.69,12800.0,2.44
2023-08-21,41.38,40000.0,2.6
2023-08-23,44.42,20800.0,2.6
2023-08-24,45.96,39200.0,2.42
2023-08-25,32.79,6400.0,2.46
2023-08-28,36.58,12800.0,2.6
2023-08-29,34.04,16800.0,2.5
2023-08-30,26.73,8000.0,2.48
2023-08-31,24.07,16800.0,2.56
2023-09-01,106.21,42400.0,2.7
2023-09-05,63.51,51200.0,2.6
2023-09-06,59.95,33600.0,2.49
2023-09-07,40.51,28800.0,2.45
2023-09-08,37.75,1600.0,2.53
2023-09-11,46.45,24800.0,2.5
2023-09-12,37.93,8800.0,2.72
2023-09-13,33.26,12000.0,2.76
2023-09-14,31.07,9600.0,2.81
2023-09-15,36.39,14400.0,2.74
2023-09-18,32.49,20800.0,2.54
2023-09-19,34.89,24800.0,2.46
2023-09-20,36.92,32000.0,2.78
2023-09-21,33.16,16000.0,2.7
2023-09-22,34.95,6400.0,2.63
2023-09-25,39.87,12000.0,2.63
2023-09-26,36.9,4000.0,2.55
2023-09-27,36.53,13600.0,2.72
2023-09-28,37.29,10400.0,2.74
2023-09-29,52.39,3200.0,2.68
2023-10-02,59.09,17600.0,2.7
2023-10-03,61.29,35200.0,2.71
2023-10-04,50.58,28000.0,2.92
2023-10-05,39.55,37600.0,2.92
2023-10-06,39.6,6400.0,3.3
2023-10-10,42.68,23200.0,3.34
2023-10-11,38.9,16800.0,3.19
2023-10-12,39.02,20800.0,3.16
2023-10-13,47.58,17600.0,3.11
2023-10-16,49.77,24800.0,2.98
2023-10-17,43.29,8000.0,2.94
2023-10-18,43.0,1600.0,2.92
2023-10-19,41.67,7200.0,2.84
2023-10-20,47.44,9600.0,2.6
2023-10-23,38.47,20000.0,2.65
2023-10-24,35.45,12800.0,2.85
2023-10-25,38.98,13600.0,2.86
2023-10-26,41.21,45600.0,2.87
2023-10-27,46.92,4800.0,3.24
2023-10-30,44.45,16000.0,3.17
2023-10-31,53.49,5600.0,3.34
2023-11-01,52.74,16000.0,3.19
2023-11-02,43.27,19200.0,3.12
2023-11-03,36.25,800.0,3.0
2023-11-06,31.76,25600.0,2.71
2023-11-07,30.59,17600.0,2.0
2023-11-08,32.39,29600.0,2.18
2023-11-09,38.46,8000.0,2.71
2023-11-10,44.02,10400.0,2.71
2023-11-13,43.08,16800.0,2.61
2023-11-14,44.37,20800.0,2.69
2023-11-15,42.91,24000.0,2.88
2023-11-16,35.0,17600.0,2.91
2023-11-17,40.54,6400.0,2.62
2023-11-20,49.95,16000.0,2.49
2023-11-21,35.07,20800.0,2.63
2023-11-22,33.98,8800.0,2.72
2023-11-24,53.83,7200.0,2.72
2023-11-27,56.74,12800.0,2.74
2023-11-28,58.85,31200.0,2.78
2023-11-29,41.28,16800.0,2.7
2023-11-30,34.08,16000.0,2.75
2023-12-01,37.54,12000.0,2.63
2023-12-04,40.27,23200.0,2.55
2023-12-05,46.84,20000.0,2.72
2023-12-06,45.26,8800.0,2.76
2023-12-07,33.61,6400.0,2.52
2023-12-08,43.03,20800.0,2.57
2023-12-11,53.7,46400.0,2.39
2023-12-12,42.84,34400.0,2.37
2023-12-13,37.75,16800.0,2.33
2023-12-14,34.18,6400.0,2.39
2023-12-15,38.04,15200.0,2.44
2023-12-18,48.32,32800.0,2.59
2023-12-19,42.01,29600.0,2.44
2023-12-20,37.78,6400.0,2.48
2023-12-21,34.62,6400.0,2.48
2023-12-22,29.78,19200.0,2.54
2023-12-26,27.05,4000.0,2.5
2023-12-27,27.93,2400.0,2.63
2023-12-28,28.27,8800.0,2.55
2023-12-29,33.65,12000.0,2.58
2024-01-02,35.49,20000.0,2.56
2024-01-03,42.17,25600.0,2.57
2024-01-04,46.91,27200.0,2.83
2024-01-05,36.2,7200.0,2.75
2024-01-08,32.04,13600.0,2.72
2024-01-09,35.25,11200.0,3.25
2024-01-10,37.33,9600.0,3.25
2024-01-11,32.46,34400.0,3.15
2024-01-12,166.89,22400.0,13.2
2024-01-16,167.9,45600.0,3.25
2024-01-17,75.82,34400.0,2.86
2024-01-18,69.19,25600.0,2.88
2024-01-19,66.55,19200.0,2.7
2024-01-22,37.55,19200.0,2.35
2024-01-23,30.83,13600.0,2.15
2024-01-24,27.17,2400.0,2.45
2024-01-25,28.4,2400.0,2.56
2024-01-26,37.59,13600.0,2.36
2024-01-29,37.36,16000.0,2.41
2024-01-30,36.95,11200.0,2.26
2024-01-31,28.29,10400.0,2.19
2024-02-01,26.75,800.0,2.15
2024-02-02,28.77,7200.0,2.01
2024-02-05,31.05,16800.0,2.12
2024-02-06,28.05,8800.0,2.1
2024-02-07,23.31,4800.0,1.94
2024-02-08,20.1,9600.0,1.74
2024-02-09,28.41,7200.0,1.74
2024-02-12,34.39,19200.0,1.76
2024-02-13,32.91,5600.0,1.61
2024-02-14,23.51,27200.0,1.51
2024-02-15,24.55,15200.0,1.53
2024-02-16,31.94,10400.0,1.55
2024-02-20,23.06,5600.0,1.5
2024-02-21,24.5,5600.0,1.58
2024-02-22,23.99,5600.0,1.62
2024-02-23,23.09,4800.0,1.52
2024-02-26,21.75,800.0,1.65
2024-02-27,23.82,18400.0,1.52
2024-02-28,30.72,37600.0,1.61
2024-02-29,28.95,23200.0,1.67
2024-03-01,25.47,24800.0,1.47
2024-03-04,26.11,4800.0,1.48
2024-03-05,27.7,30400.0,1.51
2024-03-07,22.86,3200.0,1.56
2024-03-08,32.42,52000.0,1.54
2024-03-11,25.16,4800.0,1.54
2024-03-12,22.88,4800.0,1.57
2024-03-13,20.89,3200.0,1.25
2024-03-14,23.18,8800.0,1.26
2024-03-15,32.21,7200.0,1.38
2024-03-18,29.01,24000.0,1.54
2024-03-19,29.49,20800.0,1.55
2024-03-21,28.5,6400.0,1.55
2024-03-22,29.13,1600.0,1.5
2024-03-25,28.59,7200.0,1.46
2024-03-26,31.5,800.0,1.48
2024-03-27,31.85,20000.0,1.43
2024-03-28,22.79,5600.0,1.54
2024-04-01,30.9,21600.0,1.64
2024-04-02,33.69,23200.0,1.65
2024-04-04,36.71,36000.0,1.78
2024-04-05,34.99,29600.0,1.58
2024-04-08,29.94,19200.0,1.73
2024-04-09,33.94,24000.0,1.83
2024-04-10,32.66,36000.0,1.9
2024-04-11,33.5,33600.0,1.62
2024-04-12,40.56,16000.0,1.36
2024-04-15,33.94,20000.0,1.41
2024-04-16,30.95,15200.0,1.38
2024-04-19,30.16,10400.0,1.43
2024-04-22,27.14,24800.0,1.64
2024-04-23,29.45,12000.0,1.59
2024-04-24,30.0,1600.0,1.6
2024-04-25,23.37,15200.0,1.46
2024-04-26,51.81,29600.0,1.4
2024-04-29,42.77,30400.0,1.55
2024-04-30,35.73,6400.0,1.68
2024-05-02,33.68,11200.0,1.66
2024-05-03,37.2,14400.0,1.67
2024-05-06,39.95,13600.0,1.88
2024-05-07,47.08,20800.0,1.95
2024-05-08,34.1,9600.0,2.01
2024-05-09,26.89,4800.0,2.03
2024-05-10,30.55,16000.0,2.14
2024-05-13,36.42,28800.0,2.11
2024-05-14,37.32,22400.0,2.14
2024-05-16,37.15,8800.0,2.32
2024-05-17,39.88,5600.0,2.44
2024-05-20,53.28,32800.0,2.52
2024-05-21,60.57,41600.0,2.52
2024-05-22,59.29,15200.0,2.51
2024-05-23,53.69,25600.0,2.64
2024-05-24,40.09,5600.0,2.22
2024-05-28,39.0,28000.0,2.29
2024-05-30,25.95,11200.0,1.87
2024-05-31,38.99,15200.0,1.78
2024-06-03,45.77,12000.0,2.55
2024-06-04,40.2,33600.0,2.58
2024-06-05,40.41,21600.0,2.27
2024-06-06,29.15,8800.0,2.3
2024-06-07,27.0,8000.0,2.46
2024-06-10,25.4,16000.0,2.61
2024-06-11,29.33,28800.0,2.71
2024-06-13,37.83,14400.0,2.79
2024-06-14,70.38,44800.0,2.74
2024-06-17,56.49,83200.0,2.5
2024-06-18,58.49,68000.0,2.43
2024-06-20,97.52,37600.0,2.39
2024-06-21,58.74,28800.0,2.44
2024-06-24,42.28,24000.0,2.58
2024-06-25,43.53,36800.0,2.61
2024-06-27,28.3,16800.0,2.55
2024-06-28,28.77,22400.0,2.42
2024-07-01,33.28,17600.0,2.21
2024-07-02,40.83,12000.0,2.06
2024-07-03,49.41,12000.0,2.02
2024-07-05,61.75,1600.0,2.02
2024-07-08,102.07,22400.0,2.1
2024-07-09,91.12,24800.0,2.42
2024-07-11,40.68,20000.0,2.23
2024-07-12,169.88,9600.0,2.17
2024-07-15,139.92,35200.0,2.12
2024-07-16,76.99,42400.0,2.1
2024-07-17,39.46,13600.0,1.98
2024-07-18,37.33,26400.0,2.0
2024-07-19,52.23,23200.0,1.88
2024-07-22,54.16,12800.0,2.19
2024-07-23,48.38,16800.0,2.13
2024-07-25,34.69,6400.0,2.0
2024-07-26,49.04,6400.0,1.98
2024-07-29,46.9,15200.0,1.9
2024-07-30,79.98,16800.0,1.81
2024-07-31,98.71,20800.0,1.94
2024-08-01,83.91,30400.0,1.95
2024-08-02,90.5,2400.0,1.89
2024-08-05,56.07,18400.0,1.83
2024-08-06,34.86,18400.0,1.83
2024-08-08,38.09,11200.0,1.85
2024-08-09,34.38,9600.0,1.94
2024-08-12,35.7,4000.0,2.1
2024-08-13,41.16,15200.0,2.16
2024-08-14,38.47,9600.0,2.18
2024-08-15,40.81,14400.0,2.19
2024-08-16,34.83,4800.0,2.01
2024-08-19,26.02,19200.0,2.12
2024-08-20,23.0,12000.0,2.18
2024-08-22,26.26,7200.0,1.93
2024-08-23,44.94,8800.0,1.82
2024-08-26,70.06,23200.0,2.13
2024-08-27,98.3,42400.0,1.91
2024-08-28,48.6,8800.0,1.89
2024-08-29,36.51,9600.0,1.85
2024-08-30,24.78,22400.0,1.93
2024-09-03,24.81,3200.0,1.93
2024-09-05,30.29,12800.0,2.02
2024-09-06,25.89,13600.0,2.09
2024-09-09,35.76,21600.0,2.03
2024-09-10,44.75,3200.0,2.13
2024-09-11,45.52,17600.0,2.13
2024-09-12,39.15,17600.0,2.13
2024-09-13,40.0,3200.0,2.25
2024-09-16,39.63,4800.0,2.23
2024-09-17,37.75,18400.0,2.33
2024-09-19,48.79,28800.0,2.24
2024-09-20,37.65,17600.0,2.2
2024-09-23,42.6,10400.0,2.4
2024-09-24,50.53,18400.0,2.61
2024-09-25,49.56,19200.0,2.62
2024-09-26,37.01,24000.0,2.64
2024-09-27,44.76,14400.0,2.53
2024-09-30,56.13,9600.0,2.65
2024-10-01,44.93,21600.0,2.67
2024-10-03,48.3,6400.0,2.75
2024-10-04,51.83,12800.0,2.49
2024-10-07,43.32,4800.0,2.51
2024-10-08,40.22,12000.0,2.51
2024-10-09,36.55,18400.0,2.43
2024-10-10,35.82,7200.0,2.26
2024-10-11,39.27,4800.0,2.31
2024-10-15,48.55,17600.0,2.37
2024-10-17,39.96,17600.0,2.19
2024-10-18,42.0,1600.0,1.82
2024-10-21,47.57,20800.0,1.76
2024-10-22,40.56,4800.0,1.76
2024-10-23,38.26,4000.0,1.9
2024-10-24,38.31,3200.0,2.04
2024-10-25,41.51,4000.0,1.93
2024-10-28,32.86,4000.0,2.03
2024-10-29,35.38,12800.0,1.82
2024-11-01,34.61,9600.0,1.42
2024-11-04,30.31,12000.0,1.35
2024-11-05,38.76,36800.0,1.62
2024-11-06,41.79,20000.0,1.8
2024-11-07,31.83,6400.0,1.49
2024-11-08,29.33,10400.0,1.21
2024-11-11,34.76,13600.0,1.21
2024-11-12,44.25,16000.0,1.92
2024-11-14,37.43,7200.0,2.11
2024-11-15,31.23,9600.0,1.65
2024-11-18,29.28,6400.0,2.08
2024-11-19,30.42,4800.0,2.1
2024-11-20,39.05,13600.0,2.32
2024-11-21,47.97,18400.0,2.84
2024-11-22,30.05,11200.0,2.41
2024-11-25,33.87,10400.0,2.78
2024-11-26,40.86,4800.0,3.19
2024-11-29,61.5,4000.0,3.39
2024-12-02,59.88,53600.0,3.05
2024-12-03,45.27,24800.0,2.94
2024-12-04,55.45,41600.0,2.75
2024-12-05,59.09,21600.0,2.95
2024-12-06,35.42,7200.0,2.83
2024-12-09,33.23,20000.0,3.05
2024-12-10,39.05,28000.0,2.9
2024-12-12,50.43,16000.0,3.12
2024-12-13,34.87,12000.0,3.15
2024-12-16,32.07,9600.0,2.87
2024-12-17,34.58,6400.0,2.85
2024-12-18,35.51,6400.0,3.01
2024-12-19,37.81,7200.0,3.15
2024-12-20,73.51,34400.0,3.1
2024-12-23,36.28,32000.0,2.89
2024-12-24,34.5,800.0,2.95
2024-12-26,32.0,800.0,2.96
2024-12-27,30.4,13600.0,2.91
2024-12-30,27.09,16800.0,3.39
2024-12-31,38.69,6400.0,3.4
2025-01-02,40.5,8000.0,3.65
2025-01-03,58.59,30400.0,3.4
2025-01-06,76.24,80000.0,4.05
2025-01-07,82.1,48000.0,3.8
2025-01-10,49.57,40800.0,4.13
2025-01-13,61.39,43200.0,4.4
2025-01-14,64.53,38400.0,4.32
2025-01-15,56.08,40800.0,4.45
2025-01-16,44.72,55200.0,4.3
2025-01-17,163.2,65600.0,9.86
2025-01-21,196.69,48800.0,4.4
2025-01-24,44.69,30400.0,3.84
2025-01-27,37.22,6400.0,3.71
2025-01-28,34.11,24800.0,3.4
2025-01-29,38.42,7200.0,3.38
2025-01-30,33.92,15200.0,3.12
2025-01-31,36.0,4000.0,2.93
2025-02-03,39.48,24000.0,3.3
2025-02-04,47.56,45600.0,3.25
2025-02-06,38.96,40800.0,3.31
2025-02-07,51.09,12800.0,3.32
2025-02-10,57.8,12000.0,3.48
2025-02-11,60.93,24000.0,3.65
2025-02-12,45.63,12000.0,3.97
2025-02-13,50.33,37600.0,4.43
2025-02-14,65.82,36000.0,4.6
2025-02-18,96.23,24800.0,6.4
2025-02-20,72.18,17600.0,5.62
2025-02-21,46.91,9600.0,4.43
2025-02-24,38.18,21600.0,3.86
2025-02-25,35.45,4800.0,3.88
2025-02-26,36.39,7200.0,3.9
2025-02-27,37.16,16000.0,3.91
2025-02-28,54.14,7200.0,3.91
2025-03-03,40.27,20000.0,3.8
2025-03-04,44.53,19200.0,4.39
2025-03-06,54.36,16000.0,4.39
2025-03-07,49.67,7200.0,4.39
2025-03-10,41.52,9600.0,4.23
2025-03-11,43.72,13600.0,4.57
2025-03-12,48.36,14400.0,4.18
2025-03-13,47.62,34400.0,3.89
2025-03-14,46.54,16800.0,3.89
2025-03-17,48.85,19200.0,4.15
2025-03-18,46.76,19200.0,4.17
2025-03-20,49.34,10400.0,4.23
2025-03-21,49.0,1600.0,3.93
2025-03-24,56.63,10400.0,4.03
2025-03-25,55.7,9600.0,3.94
2025-03-26,49.58,17600.0,3.85
2025-03-27,39.13,12800.0,3.88
2025-03-28,49.21,13600.0,3.89
2025-03-31,44.6,32000.0,4.11
2025-04-01,43.88,6400.0,3.96
2025-04-03,46.23,21600.0,4.21
2025-04-04,56.93,8800.0,4.04
2025-04-07,72.1,26400.0,3.97
2025-04-08,70.16,22400.0,3.85
2025-04-09,51.39,13600.0,3.42
2025-04-10,55.21,24800.0,3.7
2025-04-11,52.31,14400.0,3.44
2025-04-14,54.3,24800.0,3.57
2025-04-15,50.69,30400.0,3.27
2025-04-17,32.76,4800.0,2.94
2025-04-21,52.14,24000.0,3.16
2025-04-22,42.59,12000.0,3.12
2025-04-23,48.16,6400.0,3.12
2025-04-24,49.25,12000.0,2.87
2025-04-25,46.48,20800.0,2.71
2025-04-28,48.9,20800.0,2.96
2025-04-29,49.08,28000.0,3.17
2025-05-01,55.1,16800.0,3.08
2025-05-02,46.82,12800.0,3.1
2025-05-05,45.58,37600.0,3.26
2025-05-06,43.89,13600.0,3.08
2025-05-07,40.41,11200.0,3.18
2025-05-08,32.78,16000.0,3.23
2025-05-09,43.42,7200.0,3.22
2025-05-12,46.24,8800.0,3.19
2025-05-13,47.01,15200.0,3.27
2025-05-15,71.3,37600.0,3.2
2025-05-16,38.94,9600.0,3.01
2025-05-19,34.53,18400.0,2.96
2025-05-20,39.22,27200.0,3.15
2025-05-21,35.87,21600.0,3.2
2025-05-22,32.55,16000.0,3.0
2025-05-23,34.88,1600.0,2.93
2025-05-27,39.23,1600.0,3.2
2025-05-29,36.68,6400.0,2.97
2025-05-30,33.3,22400.0,2.86
2025-06-02,30.58,35200.0,3.0
2025-06-03,46.08,24800.0,2.84
2025-06-04,49.81,38400.0,2.8
2025-06-05,46.1,13600.0,2.86
2025-06-06,36.83,12800.0,2.68
2025-06-09,39.55,9600.0,3.13
2025-06-10,46.43,49600.0,2.79
2025-06-12,45.89,24000.0,2.9
2025-06-13,37.43,25600.0,2.65
2025-06-16,48.95,20000.0,2.9
2025-06-17,54.94,12800.0,2.9
2025-06-18,54.2,26400.0,3.43
2025-06-20,203.65,39200.0,3.09
2025-06-23,216.31,43200.0,3.5
2025-06-24,188.9,53600.0,3.3
2025-06-26,49.24,32000.0,3.23
2025-06-27,68.79,18400.0,3.23
2025-06-30,53.57,27200.0,3.26
2025-07-01,49.23,27200.0,3.14
2025-07-02,56.56,34400.0,3.1
2025-07-03,82.0,4000.0,3.24
2025-07-07,78.98,18400.0,3.24
2025-07-08,74.46,36000.0,3.2
2025-07-10,65.65,32000.0,3.11
2025-07-11,67.63,29600.0,3.22
2025-07-14,79.14,48800.0,3.21
2025-07-15,87.68,43200.0,3.31
2025-07-16,113.6,48000.0,3.42
2025-07-17,63.1,20000.0,3.52
2025-07-18,57.44,28800.0,3.5
2025-07-21,48.16,28800.0,3.5
2025-07-22,56.98,35200.0,3.16
2025-07-24,132.83,17600.0,3.13
2025-07-25,142.66,6400.0,3.1
2025-07-28,208.09,22400.0,3.12
2025-07-29,190.96,64000.0,3.08
2025-07-30,61.13,47200.0,2.98
2025-07-31,39.65,33600.0,2.99
2025-08-01,45.79,15200.0,3.0
2025-08-04,44.04,31200.0,2.89
2025-08-05,44.92,20800.0,2.98
2025-08-07,45.34,9600.0,3.05
2025-08-08,65.96,43200.0,3.03
2025-08-11,71.99,53600.0,3.05
2025-08-12,64.98,45600.0,2.93
2025-08-13,65.82,28000.0,2.95
2025-08-14,66.06,22400.0,2.78
2025-08-15,75.15,24800.0,2.98
2025-08-18,42.89,24000.0,2.96
2025-08-19,44.74,23200.0,2.87
2025-08-21,34.72,21600.0,2.88
2025-08-22,35.86,16000.0,2.76
2025-08-25,27.42,20800.0,2.76
2025-08-26,26.94,17600.0,2.82
2025-08-27,27.32,23200.0,2.88
2025-08-28,28.57,40000.0,2.9
2025-08-29,33.25,2400.0,2.88
2025-09-02,33.46,17600.0,2.7
2025-09-04,40.56,26400.0,3.11
2025-09-05,30.5,13600.0,3.05
2025-09-08,33.38,11200.0,3.1
2025-09-09,36.72,32000.0,3.12
2025-09-10,44.92,13600.0,2.89
2025-09-11,42.7,24000.0,2.81
2025-09-12,58.36,15200.0,2.86
2025-09-15,45.8,41600.0,3.0
2025-09-16,44.96,24000.0,3.07
2025-09-18,61.93,32000.0,3.1
2025-09-19,52.08,19200.0,2.89
2025-09-22,74.56,27200.0,2.9
2025-09-23,63.17,37600.0,2.86
2025-09-24,68.23,28800.0,2.88
2025-09-25,70.5,37600.0,2.98
2025-09-26,83.3,16000.0,2.9
2025-09-29,68.05,27200.0,2.93
2025-09-30,48.84,65600.0,3.12
2025-10-02,55.05,26400.0,3.32
2025-10-03,96.88,12800.0,3.19
2025-10-06,78.79,32800.0,3.32
2025-10-07,54.57,23200.0,3.32
2025-10-08,51.9,46400.0,3.35
2025-10-09,45.48,18400.0,3.25
2025-10-10,57.65,18400.0,2.9
2025-10-13,61.28,16000.0,2.9
2025-10-14,52.56,19200.0,2.83
2025-10-16,43.56,8800.0,2.82
2025-10-17,49.63,4800.0,2.65
2025-10-20,51.58,22400.0,2.99
2025-10-21,52.83,12800.0,3.28
2025-10-22,58.78,16000.0,3.45
2025-10-23,66.0,28000.0,3.34
2025-10-24,62.43,8800.0,3.21
2025-10-27,64.83,27200.0,3.3
2025-10-28,60.75,19200.0,3.44
2025-10-30,56.07,38400.0,3.46
2025-10-31,59.86,25600.0,3.57
2025-11-03,54.53,15200.0,3.37
2025-11-04,46.37,25600.0,3.35
2025-11-05,52.88,12000.0,3.51
2025-11-06,50.77,18400.0,3.71
2025-11-07,78.18,27200.0,3.76
2025-11-10,91.08,32000.0,3.8
2025-11-14,59.17,17600.0,3.49
2025-11-17,68.92,19200.0,3.71
2025-11-18,72.08,56000.0,3.7
2025-11-19,71.44,35200.0,3.94
2025-11-20,63.71,40800.0,3.97
2025-11-21,51.54,26400.0,4.13
2025-11-24,46.83,31200.0,4.15
2025-11-25,38.71,23200.0,4.12
2025-12-01,80.39,41600.0,5.08
2025-12-02,74.76,68000.0,4.83
2025-12-03,75.32,31200.0,4.86
2025-12-04,92.31,49600.0,4.89
2025-12-05,104.95,28000.0,5.19
2025-12-08,125.49,37600.0,5.19
2025-12-09,80.99,38400.0,4.76
2025-12-11,88.32,23200.0,4.35
2025-12-12,170.08,16000.0,4.07
2025-12-15,99.81,62400.0,3.9
2025-12-16,62.47,24800.0,3.58
2025-12-17,54.97,12000.0,3.66
2025-12-18,51.82,35200.0,3.87
2025-12-19,63.52,34400.0,3.58
2025-12-22,46.98,28000.0,3.67
2025-12-23,34.42,8000.0,3.38
