date,target,prediction,error
2025-01-02,58.59,41.81537139921662,16.77462860078338
2025-01-03,76.24,50.22555694807522,26.014443051924772
2025-01-06,82.1,63.02085783901646,19.079142160983537
2025-01-07,49.57,63.88989476436631,-14.31989476436631
2025-01-10,61.39,51.218382098990745,10.171617901009256
2025-01-13,64.53,55.71334900416826,8.816650995831743
2025-01-14,56.08,59.133031484187036,-3.053031484187038
2025-01-15,44.72,57.50195745752077,-12.781957457520768
2025-01-16,163.2,51.468241089996205,111.73175891000378
2025-01-17,196.69,143.8874172571586,52.802582742841395
2025-01-21,44.69,117.69631672242166,-73.00631672242166
2025-01-24,37.22,53.309473435851785,-16.089473435851787
2025-01-27,34.11,40.70355909118514,-6.593559091185142
2025-01-28,38.42,36.53006784640896,1.8899321535910403
2025-01-29,33.92,38.27704084473282,-4.357040844732815
2025-01-30,36.0,34.05794992022643,1.9420500797735727
2025-01-31,39.48,38.01884560311234,1.4611543968876575
2025-02-03,47.56,38.12199249195354,9.43800750804646
2025-02-04,38.96,44.91451189159878,-5.954511891598777
2025-02-06,51.09,41.70399447251107,9.386005527488933
2025-02-07,57.8,47.85747727474485,9.942522725255145
2025-02-10,60.93,51.78862720713165,9.141372792868353
2025-02-11,45.63,54.54156404438045,-8.911564044380448
2025-02-12,50.33,48.71482340811294,1.6151765918870566
2025-02-13,65.82,52.85517527512874,12.964824724871256
2025-02-14,96.23,61.83952175453455,34.39047824546545
2025-02-18,72.18,86.88141912536602,-14.701419125366016
2025-02-20,46.91,66.98618018454414,-20.076180184544143
2025-02-21,38.18,49.68924393739809,-11.50924393739809
2025-02-24,35.45,42.58864983072903,-7.13864983072903
2025-02-25,36.39,41.58984564781022,-5.199845647810221
2025-02-26,37.16,41.912141430265436,-4.752141430265439
2025-02-27,54.14,42.295182774380436,11.844817225619565
2025-02-28,40.27,51.678996744379376,-11.408996744379373
2025-03-03,44.53,43.17044133811427,1.3595586618857283
2025-03-04,54.36,48.06259904455993,6.297400955440068
2025-03-06,49.67,52.02596265323928,-2.3559626532392812
2025-03-07,41.52,50.594882362445276,-9.074882362445273
2025-03-10,43.72,44.28893981385604,-0.5689398138560406
2025-03-11,48.36,48.03164691436804,0.3283530856319601
2025-03-12,47.62,48.54241492333788,-0.9224149233378824
2025-03-13,46.54,48.21560143943146,-1.6756014394314604
2025-03-14,48.85,49.505220490238436,-0.6552204902384346
2025-03-17,46.76,50.87639267481874,-4.116392674818741
2025-03-18,49.34,49.47922927644983,-0.13922927644982508
2025-03-20,49.0,51.49891861993583,-2.4989186199358286
2025-03-21,56.63,50.572950535697814,6.057049464302189
2025-03-24,55.7,55.009302858922915,0.6906971410770879
2025-03-25,49.58,54.20947614163742,-4.629476141637419
2025-03-26,39.13,51.18234902986956,-12.05234902986956
2025-03-27,49.21,46.346607842319855,2.8633921576801455
2025-03-28,44.6,50.70910390348932,-6.10910390348932
2025-03-31,43.88,48.64996586363889,-4.7699658636388875
2025-04-01,46.23,46.5417864196643,-0.3117864196643012
2025-04-03,56.93,50.209507648593686,6.720492351406314
2025-04-04,72.1,54.549341726089125,17.55065827391087
2025-04-07,70.16,61.827406290614846,8.33259370938515
2025-04-08,51.39,61.04543055183309,-9.655430551833092
2025-04-09,55.21,50.39941473657852,4.81058526342148
2025-04-10,52.31,54.7244799754759,-2.414479975475899
2025-04-11,54.3,51.94083913542532,2.359160864574676
2025-04-14,50.69,53.565673936153665,-2.8756739361536674
2025-04-15,32.76,50.745642706603434,-17.985642706603436
2025-04-17,52.14,40.85833185475208,11.28166814524792
2025-04-21,42.59,49.669925434240284,-7.07992543424028
2025-04-22,48.16,44.683468037512654,3.4765319624873428
2025-04-23,49.25,47.39245336628238,1.857546633717618
2025-04-24,46.48,47.08348613089778,-0.6034861308977852
2025-04-25,48.9,46.00832065747086,2.8916793425291374
2025-04-28,49.08,47.29969646754874,1.7803035324512564
2025-04-29,55.1,47.762898315984145,7.337101684015856
2025-05-01,46.82,52.15193791082558,-5.33193791082558
2025-05-02,45.58,48.58009850943178,-3.00009850943178
2025-05-05,43.89,47.215700273443936,-3.3257002734439354
2025-05-06,40.41,44.947055212314034,-4.537055212314037
2025-05-07,32.78,44.11033994675386,-11.33033994675386
2025-05-08,43.42,39.84533496525867,3.5746650347413294
2025-05-09,46.24,44.309849513778225,1.9301504862217769
2025-05-12,47.01,44.782226892737604,2.2277731072623936
2025-05-13,71.3,46.168783326564274,25.131216673435723
2025-05-15,38.94,59.296330556788945,-20.356330556788947
2025-05-16,34.53,42.28416612164887,-7.754166121648872
2025-05-19,39.22,36.8141362001383,2.4058637998616987
2025-05-20,35.87,40.16740061596576,-4.297400615965763
2025-05-21,32.55,39.19222453157037,-6.6422245315703705
2025-05-22,34.88,36.05709879587688,-1.17709879587688
2025-05-23,39.23,37.19473930057779,2.03526069942221
2025-05-27,36.68,40.196556331384926,-3.516556331384926
2025-05-29,33.3,38.21363257473411,-4.913632574734116
2025-05-30,30.58,36.67889408488511,-6.09889408488511
2025-06-02,46.08,34.73375148924118,11.34624851075882
2025-06-03,49.81,41.55023592821545,8.259764071784552
2025-06-04,46.1,44.82220802456869,1.2777919754313132
2025-06-05,36.83,44.083211924705466,-7.253211924705468
2025-06-06,39.55,38.599373818150184,0.9506261818498132
2025-06-09,46.43,40.86267130923793,5.567328690762068
2025-06-10,45.89,41.821902111349836,4.068097888650165
2025-06-12,37.43,44.82213441807183,-7.392134418071834
2025-06-13,48.95,40.14370500119945,8.806294998800553
2025-06-16,54.94,46.18042979199747,8.759570208002529
2025-06-17,54.2,49.51382938977258,4.686170610227421
2025-06-18,203.65,52.3342669611684,151.3157330388316
2025-06-20,216.31,130.06604728235183,86.24395271764817
2025-06-23,188.9,141.75205442872254,47.14794557127746
2025-06-24,49.24,127.34024460812361,-78.1002446081236
2025-06-26,68.79,55.96088088789281,12.829119112107193
2025-06-27,53.57,60.34872255160909,-6.778722551609093
2025-06-30,49.23,53.25100149055006,-4.021001490550063
2025-07-01,56.56,49.74634641261874,6.8136535873812605
2025-07-02,82.0,56.170687101563196,25.829312898436804
2025-07-03,78.98,68.31625362871586,10.663746371284148
2025-07-07,74.46,66.1029123120262,8.357087687973788
2025-07-08,65.65,64.88908545494516,0.7609145450548453
2025-07-10,67.63,61.6367062720539,5.993293727946096
2025-07-11,79.14,63.09521095676363,16.04478904323637
2025-07-14,87.68,68.09147037337695,19.588529626623057
2025-07-15,113.6,75.84448147343042,37.755518526569574
2025-07-16,63.1,92.53332128856856,-29.433321288568557
2025-07-17,57.44,66.81357431136662,-9.373574311366625
2025-07-18,48.16,60.06827889865617,-11.908278898656171
2025-07-21,56.98,52.338490699828085,4.641509300171911
2025-07-22,132.83,54.085478434502754,78.74452156549725
2025-07-24,142.66,96.43666169734483,46.223338302655165
2025-07-25,208.09,106.13463762666355,101.95536237333646
2025-07-28,190.96,141.09648138787503,49.86351861212498
2025-07-29,61.13,133.72859414592142,-72.59859414592142
2025-07-30,39.65,66.37156651620346,-26.72156651620346
2025-07-31,45.79,48.60298294546465,-2.812982945464654
2025-08-01,44.04,50.53508082672647,-6.495080826726472
2025-08-04,44.92,48.464415016956856,-3.5444150169568545
2025-08-05,45.34,46.3535212238344,-1.0135212238343954
2025-08-07,65.96,45.189632636747575,20.77036736325242
2025-08-08,71.99,54.603571150503306,17.38642884949669
2025-08-11,64.98,60.31956899417968,4.660431005820321
2025-08-12,65.82,56.0261932099012,9.793806790098792
2025-08-13,66.06,57.92713587311894,8.13286412688106
2025-08-14,75.15,58.116878212219824,17.033121787780182
2025-08-15,42.89,65.97419928315934,-23.084199283159336
2025-08-18,44.74,48.33881813355337,-3.5988181335533653
2025-08-19,34.72,47.614166666883364,-12.894166666883365
2025-08-21,35.86,42.36190635695878,-6.501906356958777
2025-08-22,27.42,40.24268571387441,-12.822685713874407
2025-08-25,26.94,33.579112230149626,-6.639112230149625
2025-08-26,27.32,32.02708355488862,-4.707083554888619
2025-08-27,28.57,31.809637988746847,-3.2396379887468463
2025-08-28,33.25,32.43831234426991,0.8116876557300898
2025-08-29,33.46,34.90407053071003,-1.4440705307100288
2025-09-02,40.56,33.29585500756876,7.264144992431241
2025-09-04,30.5,40.55555938646846,-10.05555938646846
2025-09-05,33.38,34.01452660030551,-0.6345266003055059
2025-09-08,36.72,34.18039747357753,2.5396025264224704
2025-09-09,44.92,36.742395724825265,8.177604275174737
2025-09-10,42.7,40.804966990793964,1.8950330092060383
2025-09-11,58.36,41.14842815802642,17.21157184197358
2025-09-12,45.8,50.4734300728884,-4.673430072888401
2025-09-15,44.96,44.039368814400774,0.9206311855992269
2025-09-16,61.93,43.12388226352021,18.80611773647979
2025-09-18,52.08,53.6121791069568,-1.5321791069568036
2025-09-19,74.56,49.23117743112494,25.32882256887506
2025-09-22,63.17,60.876306858202966,2.2936931417970357
2025-09-23,68.23,56.265852550818984,11.96414744918102
2025-09-24,70.5,60.074751136757556,10.425248863242444
2025-09-25,83.3,62.366024291834925,20.93397570816507
2025-09-26,68.05,69.92584123450463,-1.8758412345046338
2025-09-29,48.84,63.12027828150207,-14.280278281502063
2025-09-30,55.05,53.32829827551528,1.721701724484717
2025-10-02,96.88,56.82459413985141,40.05540586014858
2025-10-03,78.79,77.57361114953409,1.2163888504659184
2025-10-06,54.57,70.05539251663296,-15.485392516632963
2025-10-07,51.9,56.415886240352876,-4.515886240352877
2025-10-08,45.48,53.614940455453095,-8.134940455453098
2025-10-09,57.65,48.516304311469625,9.133695688530374
2025-10-10,61.28,52.214269530965595,9.065730469034406
2025-10-13,52.56,55.111815690257075,-2.5518156902570723
2025-10-14,43.56,51.599837013677025,-8.039837013677023
2025-10-16,49.63,46.93522394320065,2.6947760567993555
2025-10-17,51.58,48.4725250776684,3.1074749223315976
2025-10-20,52.83,50.55438752146721,2.2756124785327856
2025-10-21,58.78,51.96164790612069,6.818352093879312
2025-10-22,66.0,56.00849103687997,9.991508963120033
2025-10-23,62.43,59.481507785532436,2.9484922144675636
2025-10-24,64.83,57.73467248162589,7.095327518374106
2025-10-27,60.75,58.30394374722097,2.44605625277903
2025-10-28,56.07,58.04408016736549,-1.9740801673654929
2025-10-30,59.86,56.390238654525426,3.4697613454745735
2025-10-31,54.53,59.451341331609136,-4.921341331609135
2025-11-03,46.37,54.569066813022125,-8.199066813022128
2025-11-04,52.88,50.624888370321976,2.2551116296780265
2025-11-05,50.77,53.802730973488906,-3.0327309734889027
2025-11-06,78.18,53.70121807705172,24.478781922948286
2025-11-07,91.08,67.90139718014387,23.178602819856124
2025-11-10,59.17,74.35319551371963,-15.183195513719625
2025-11-14,68.92,57.69097240189551,11.229027598104494
2025-11-17,72.08,61.71721464926897,10.36278535073103
2025-11-18,71.44,63.88747053967225,7.552529460327747
2025-11-19,63.71,66.7348808486645,-3.024880848664502
2025-11-20,51.54,63.23206183228687,-11.692061832286868
2025-11-21,46.83,58.8401384640683,-12.010138464068305
2025-11-24,38.71,52.75028007706119,-14.04028007706119
2025-11-25,80.39,46.71575864507554,33.67424135492446
2025-12-01,74.76,72.19114088845593,2.5688591115440715
2025-12-02,75.32,67.4086915500173,7.911308449982698
2025-12-03,92.31,68.79660125706167,23.513398742938335
2025-12-04,104.95,78.22619218690998,26.72380781309002
2025-12-05,125.49,87.75814640979333,37.73185359020667
2025-12-08,80.99,97.96450781475944,-16.97450781475945
2025-12-09,88.32,75.0912668135251,13.228733186474898
2025-12-11,170.08,80.58295948297116,89.49704051702885
2025-12-12,99.81,125.0806826553347,-25.270682655334696
2025-12-15,62.47,90.7734436657765,-28.3034436657765
2025-12-16,54.97,67.81421734608,-12.84421734608
2025-12-17,51.82,62.014146877312015,-10.194146877312015
2025-12-18,63.52,58.904785406294714,4.615214593705289
2025-12-19,46.98,59.619175239256116,-12.639175239256119
2025-12-22,34.42,50.666926578200965,-16.246926578200963
